,username,tweet
0,acunilicali,Ä°ÅŸte #Survivor2023â€™Ã¼n GÃ¶nÃ¼llÃ¼leri.. TÃ¼m yarÄ±ÅŸmacÄ±larÄ±mÄ±za baÅŸarÄ±lar dilerim. Survivor TÃ¼rkiye 15 Ocakâ€™ta TV8â€™de baÅŸlÄ±yor..#Survivor  #SurvivorTÃ¼rkiye #DominicanRepublic #TV8 @survivorturkiye @tv8 https://t.co/0O5RJxVJKI
1,acunilicali,Ä°ÅŸte #Survivor2023â€™Ã¼n InfluencerlarÄ±.. TÃ¼m yarÄ±ÅŸmacÄ±larÄ±mÄ±za baÅŸarÄ±lar dilerim. Survivor TÃ¼rkiye 15 Ocakâ€™ta TV8â€™de baÅŸlÄ±yor..#Survivor  #SurvivorTÃ¼rkiye #DominicanRepublic #TV8 @survivorturkiye @tv8 https://t.co/uBhecCq7Wt
2,acunilicali,Ä°ÅŸte #Survivor2023â€™Ã¼n ÃœnlÃ¼leri.. TÃ¼m yarÄ±ÅŸmacÄ±larÄ±mÄ±za baÅŸarÄ±lar dilerim. Survivor TÃ¼rkiye 15 Ocakâ€™ta TV8â€™de baÅŸlÄ±yor..#Survivor #SurvivorTÃ¼rkiye #DominicanRepublic #TV8 @survivorturkiye @tv8 https://t.co/HksURL9lzU
3,acunilicali,"#OSesTÃ¼rkiye YÄ±lbaÅŸÄ± Ã–zel programÄ± bu akÅŸam saat 20.00â€™de @TV8â€™de.. 

#OSesYÄ±lbaÅŸÄ± #SedaSayan @YildizzTilbee @MuratBoz @EbruGundes https://t.co/kn7HD0VteX"
4,acunilicali,"#SÄ±fÄ±rÄ±ncÄ±GÃ¼n ilk bÃ¶lÃ¼mÃ¼yle birazdan #TV8â€™de baÅŸlÄ±yor.. 

@tv8 @Sifirinciguntv8 @acunmedya https://t.co/5K1NhXRQU6"
5,acunilicali,"Yeni dizimiz #SÄ±fÄ±rÄ±ncÄ±GÃ¼n ilk bÃ¶lÃ¼mÃ¼yle bu akÅŸam 20.00â€™de #TV8â€™de..

@acunmedya @Sifirinciguntv8 @tv8 #ACUNMEDYA https://t.co/9A89PEPA5e"
6,acunilicali,"Merry Christmas to my Hull City family.

@hullcity #theTigers #hcafc #HullCity https://t.co/fVv6jnS4q2"
7,acunilicali,"Sevgili Aysu Keskin ve BarÄ±ÅŸ Telli #Survivor2023 kadrosuna dahil oldular, ikisine de baÅŸarÄ±lar dilerim.. #Survivor #ACUNMEDYA #TV8 https://t.co/I83AKSw1bg"
8,acunilicali,"Sevgili Alper Rende, Elanur, Chaby, Halil Ä°brahim GÃ¶ker, Buse Plan ve KÃ¼rÅŸat Juan #Survivor2023 kadrosuna dahil oldular, hepsine baÅŸarÄ±lar dilerim.. #Survivor #ACUNMEDYA #TV8 https://t.co/WRcpnutUy8"
9,acunilicali,"Sevgili Zeynep Alkan, SeÃ§kin Piriler ve Cansu Tuman #Survivor2023 kadrosuna dahil oldular, hepsine baÅŸarÄ±lar dilerim.. #Survivor #ACUNMEDYA #TV8 https://t.co/Vxfk7xcMy8"
10,acunilicali,"Sevgili Yusuf GÃ¼ney #Survivor2023 kadrosuna dahil oldu, baÅŸarÄ±lar dilerim.. @tv8 @survivorturkiye #Survivor #ACUNMEDYA #TV8 https://t.co/2nEHkvsZnV"
11,acunilicali,"Sevgili Murat Eken #Survivor2023 kadrosuna dahil oldu, baÅŸarÄ±lar dilerim.. @survivorturkiye @tv8 #Survivor #ACUNMEDYA #Tv8 https://t.co/rssELq8Oqn"
12,acunilicali,"Sevgili Ãœmit Erdim #Survivor2023 kadrosuna dahil oldu, baÅŸarÄ±lar dilerim.. @umiterdim @survivorturkiye @tv8 #Survivor #ACUNMEDYA #Tv8 https://t.co/BaHnxnJcvC"
13,acunilicali,"#Survivor2023 sezonu ilk yarÄ±ÅŸmacÄ±mÄ±z Berdan Mardini oldu, kendisine baÅŸarÄ±lar diliyorum.. @Berdan_Mardini @survivorturkiye @tv8 #Survivor #AcunMedya https://t.co/d8FmAcHiTI"
14,acunilicali,Tuzak dizimizin 13. bÃ¶lÃ¼mde final yapacaÄŸÄ± haberleri doÄŸru deÄŸildir. Dizimiz TV8'de yayÄ±nlanmaya devam edecektir. https://t.co/wRjSBtRtKD
15,acunilicali,"Fatih hocamÄ±n deÄŸerli annesi Nuriye Terim'in hayatÄ±nÄ± kaybettiÄŸi haberini derin bir Ã¼zÃ¼ntÃ¼yle Ã¶ÄŸrendim. Kendisine Allah'tan rahmet, Fatih hocama, ailesine ve sevenlerine baÅŸsaÄŸlÄ±ÄŸÄ± dilerim.. https://t.co/Y8APrDFO8f"
16,acunilicali,"@HullBadgeMan @HullCity @TanKeslerHCAFC My team have informed me, I will see you when I come. My people will reach out to you."
17,acunilicali,"Ä°stiklal Caddesiâ€™nde meydana gelen patlamada hayatÄ±nÄ± kaybeden vatandaÅŸlarÄ±mÄ±za Allah'tan rahmet, yaralÄ± vatandaÅŸlarÄ±mÄ±za acil ÅŸifalar dilerim. BaÅŸÄ±mÄ±z saÄŸ olsun! https://t.co/EkajPeLeXp"
18,acunilicali,"Åef Mehmet YalÃ§Ä±nkaya, Ã¼lkenin dÃ¶rt bir yanÄ±ndaki esnaf lokantalarÄ±nÄ±n saklÄ± kalmÄ±ÅŸ hikayelerini gÃ¼n yÃ¼zÃ¼ne Ã§Ä±kartÄ±yor. #Esnaf, ilk bÃ¶lÃ¼mÃ¼yle ÅŸimdi Exxen'de.

@exxen @chefyalcinkaya https://t.co/urvxCXD5ge"
19,acunilicali,"Cumhuriyetimizin kurucusu Ulu Ã–nder Gazi Mustafa Kemal AtatÃ¼rkâ€™Ã¼ vefatÄ±nÄ±n 84. yÄ±lÄ±nda sevgi, saygÄ± ve minnetle anÄ±yorum. https://t.co/LdR9Zx6jjf"
20,acunilicali,"Cumhuriyetimizin 99. yÄ±l dÃ¶nÃ¼mÃ¼nde Ulu Ã–nderimiz Gazi Mustafa Kemal AtatÃ¼rkâ€™Ã¼, aziz ÅŸehitlerimizi ve kahraman gazilerimizi saygÄ± ve minnetle anÄ±yorum. 29 Ekim Cumhuriyet BayramÄ±mÄ±z Kutlu Olsun. https://t.co/nlpgJSBrkQ"
21,acunilicali,"BÃ¼yÃ¼k usta Halit KÄ±vanÃ§â€™a Allah'tan rahmet, ailesine ve sevenlerine baÅŸsaÄŸlÄ±ÄŸÄ± diliyorum. https://t.co/N2x7oREtxW"
22,acunilicali,"#Tuzak ilk bÃ¶lÃ¼mÃ¼yle bu akÅŸam 20.00'de #TV8'de..
 
@tv8 @TuzakDizisi https://t.co/vKDb5fzDXc"
23,acunilicali,"DeÄŸerli sanatÃ§Ä±mÄ±z Billur Kalkavanâ€™a Allahâ€™tan rahmet, baÅŸta ailesi olmak Ã¼zere tÃ¼m sevenlerine sabÄ±rlar diliyorum. https://t.co/122rdSGlve"
24,acunilicali,"BartÄ±nâ€™Ä±n Amasra ilÃ§esinde meydana gelen maden ocaÄŸÄ± patlamasÄ±nda hayatÄ±nÄ± kaybeden vatandaÅŸlarÄ±mÄ±za Allah'tan rahmet, yaralÄ±larÄ±mÄ±za ise acil ÅŸifalar diliyorum. DualarÄ±mÄ±z mahsur kalan iÅŸÃ§i kardeÅŸlerimiz ile. GeÃ§miÅŸ olsun #BartÄ±n https://t.co/v2897Q8QKQ"
25,acunilicali,"#Gibiâ€™nin merakla beklenen
yeni sezon ilk tanÄ±tÄ±mÄ±..
Ä°lk bÃ¶lÃ¼m 21 Ekimâ€™de #EXXENâ€™de :) @exxentr @gibidizisi @feyyazyigit @kilinckivanc https://t.co/hWDK6DATGJ"
26,acunilicali,"Tuzak dizimiz ilk bÃ¶lÃ¼mÃ¼yle 19 Ekim Ã‡arÅŸamba gÃ¼nÃ¼ @tv8'de baÅŸlÄ±yor.. 

@TuzakDizisi @acunmedya  #TV8 #Tuzak #ACUNMEDYA https://t.co/YwtFF2OU9o"
27,acunilicali,Yeni dizimizin ilk tanÄ±tÄ±mÄ± yayÄ±nda. #Tuzak Ã§ok iyi bir kadro ile yakÄ±nda @tv8â€™de. HayÄ±rlÄ± olsun.. @tuzakdizisi @acunmedya https://t.co/g6AYlkzdMo
28,acunilicali,Onur Åenerâ€™in canÄ±na kÄ±yan insanlÄ±k dÃ¼ÅŸmanlarÄ±nÄ± lanetliyorum. Bu canilerin ibret olacak en aÄŸÄ±r cezayÄ± almalarÄ±nÄ± diliyorum. GÃ¼zel kardeÅŸimin mekanÄ± cennet olsun. Ailesine ve sevenlerine sabÄ±r diliyorum. BaÅŸÄ±mÄ±z saÄŸ olsun.. #OnurÅener https://t.co/7ZR7kXyOyJ
29,acunilicali,"Azerbaycan ordusunun kahraman ÅŸehitlerine Allahâ€™tan rahmet, kardeÅŸ Azerbaycan halkÄ±na baÅŸsaÄŸlÄ±ÄŸÄ± dilerim. https://t.co/dxJ2F1gYdj"
30,acunilicali,My deepest condolences to the people of the United Kingdom. Rest In Peace Queen Elizabeth https://t.co/liIqybdcfp
31,acunilicali,"What motivates me in ownership of Hull city is your love and I am in loveâ¤ï¸

@hullcity @LambSteve #theTigers #hcafc #HullCity"
32,acunilicali,Everyday I fall more in love with this cityâ€¦ I enjoyed my visit to this beautiful family so much. It is the people what makes you happy when you live somewhere and I see so many lovely people in Hull everytime I am thereâ€¦ https://t.co/SKA8uxPiqD
33,acunilicali,"I need help from my extended @HullCity family! ğŸ™ Iâ€™m looking for a 6-7 bedroom house (my family is also a little bit big!)

Iâ€™d like your suggestions for a house for rent or sale in the Hull area. Please email mark.richards@wearehullcity.co.uk with any recommendations. #hcafc"
34,acunilicali,Fifa sÄ±ralamasÄ±nda dÃ¼nyanÄ±n ikinci milli takÄ±mÄ±nÄ±n bu Haziran ayÄ±nda oynadÄ±ÄŸÄ± son 4 resmi maÃ§ta 2 gol 2 asist yapmÄ±ÅŸ bir forvetin FenerbahÃ§eâ€™ye gelmesi Ã¶nemli bir olaydÄ±r. Bence bu transferi kÃ¼Ã§Ã¼msemek doÄŸru deÄŸil kÃ¼Ã§Ã¼mseyen de doÄŸru yerde deÄŸil..
35,acunilicali,"Michy Batshuayiâ€™nin Ã§ok Ã¶nemli bir transfer olduÄŸunu dÃ¼ÅŸÃ¼nÃ¼yorum, ligimize alÄ±ÅŸmÄ±ÅŸ Ã§ok Ã¶nemli bir yÄ±ldÄ±z bence. Transferde emeÄŸi geÃ§en herkese teÅŸekkÃ¼r ederim. BaÅŸarÄ±lar Michy Batshuayi.. @mbatshuayi https://t.co/nJ8U0FhBdN"
36,acunilicali,"Î•Î¯Î¼Î±Î¹ Ï€Î¿Î»Ï Ï‡Î±ÏÎ¿ÏÎ¼ÎµÎ½Î¿Ï‚ Ï€Î¿Ï… Ï€Î¹ÏƒÏ„ÎµÏÎµÎ¹Ï‚ ÏƒÎµ Î±Ï…Ï„Î®  Ï„Î·Î½ Î¿Î¼Î¬Î´Î±, Ï„Î·Î½  Ï€ÏŒÎ»Î· ÎºÎ±Î¹ ÎµÎ¼Î¬Ï‚. Î“Î½Ï‰ÏÎ¯Î¶Ï‰ ÏŒÏ„Î¹ Î®ÏÎ¸ÎµÏ‚ Ï€Î¿Î»Ï Ï€ÏÏŒÎ¸Ï…Î¼Î± ÎºÎ±Î¹ Î¼Îµ Î¼ÎµÎ³Î¬Î»Î± ÏŒÎ½ÎµÎ¹ÏÎ±. Î”ÎµÎ½ Î­Ï‡Ï‰ ÎºÎ±Î¼Î¯Î± Î±Î¼Ï†Î¹Î²Î¿Î»Î¯Î± ÏŒÏ„Î¹ Î¸Î± Î¶Î®ÏƒÎ¿Ï…Î¼Îµ Ï€Î¿Î»Î»Î¬ Ï…Ï€Î­ÏÎ¿Ï‡Î± Ï€ÏÎ¬Î³Î¼Î±Ï„Î± Î¼Î±Î¶Î¯. ÎšÎ±Î»ÏÏ‚ Î®ÏÎ¸ÎµÏ‚ ÏƒÏ„Î·Î½ Î¿Î¹ÎºÎ¿Î³Î­Î½ÎµÎ¹Î¬ Î¼Î±Ï‚ ÎˆÎ»Î»Î·Î½Î± Î±Î´ÎµÏÏ†Î­ Î¼Î¿Ï…."
37,acunilicali,"I'm so happy that you believe in this team, this city and us. I know that you came very willingly and with big dreams. I have no doubt that we will experience many wonderful things together. Welcome to our family, my Greek brother.

#theTigers #hcafc #HullCity"
38,acunilicali,"Bu takÄ±ma, bu ÅŸehre ve bize inandÄ±ÄŸÄ±n iÃ§in Ã§ok mutluyum. Ã‡ok isteyerek ve bÃ¼yÃ¼k hayallerle geldiÄŸini biliyorum. Beraber Ã§ok gÃ¼zel ÅŸeyler yaÅŸayacaÄŸÄ±mÄ±zdan ÅŸÃ¼phem yok. Ailemize hoÅŸ geldin benim Yunan kardeÅŸim. 

@pelkas @hullcity https://t.co/zApBRkUj6m"
39,acunilicali,"30 AÄŸustos Zafer BayramÄ±mÄ±zÄ±n 100. yÄ±l dÃ¶nÃ¼mÃ¼nÃ¼ kutluyor, baÅŸta Ulu Ã–nder Gazi Mustafa Kemal AtatÃ¼rk ve silah arkadaÅŸlarÄ± olmak Ã¼zere tÃ¼m ÅŸehitlerimizi saygÄ±, rahmet ve minnetle anÄ±yorum. https://t.co/hw3FnH3N8w"
40,acunilicali,"MasterChef TÃ¼rkiye ana kadro ilk bÃ¶lÃ¼mÃ¼yle bu akÅŸam 20.00â€™de TV8â€™de..

@tv8 @TvMasterchef @Danilo_Zanna @chefyalcinkaya @somersivrioglu https://t.co/iDaHCZK2CR"
41,acunilicali,#theTigers #hcafc #HullCity @HullCity https://t.co/1hCKoQUZoV
42,acunilicali,"â€œ%100 Futbolâ€ RÄ±dvan Dilmen ve Murat Kosova ile yarÄ±n akÅŸam baÅŸlÄ±yor. ""Ä°stanbulspor - Trabzonspor"" karÅŸÄ±laÅŸmasÄ±nÄ±n devre arasÄ± 21.45â€™te, maÃ§ sonu deÄŸerlendirmeleri 22.45'te TV8,5'ta.. 

@TV8Bucuk @yuzde100_futbol @RidvanDilmen8 #MuratKosova https://t.co/LlYZQgxO9J"
43,acunilicali,"Fantastic. Children are our future, happy to see Theo and so many kids in our stadium. 

@hullcity #theTigers #hcafc #HullCity https://t.co/mtvIjOZH0n"
44,acunilicali,"Allahyar Sayyadmanesh Bristolâ€™a karÅŸÄ± 

@hullcity #AllahyarSayyadmanesh #theTigers #hcafc #HullCity https://t.co/jioBHOSJt4"
45,acunilicali,@tv8bucuk @yuzde100_futbol @ridvandilmen8 #MuratKosova https://t.co/3t49L0lNOk
46,acunilicali,@HullCity @TV8Bucuk #theTigers #hcafc #HullCity https://t.co/WhQC1qDH7N
47,acunilicali,"Serdar UzuntaÅŸ, GÃ¼lÅŸah SaraÃ§oÄŸlu, Yasemin YÄ±lmaz ve UÄŸurkan Erez ile #DoyaDoyaModa yeni sezon ilk bÃ¶lÃ¼m bugÃ¼n 16.00â€™da TV8â€™de. @tv8 #SerdarUzuntaÅŸ #GÃ¼lÅŸahSaraÃ§oÄŸlu #YaseminYÄ±lmaz #UÄŸurkanErez https://t.co/HA7669pYKD"
48,acunilicali,Demokrasimiz ve milletimiz iÃ§in kendini feda eden kahraman ÅŸehitlerimizi saygÄ± ve rahmetle anÄ±yorum. https://t.co/6JYiZYwUEL
49,acunilicali,Seni FenerbahÃ§e formasÄ±yla gÃ¶rmek Ã§ok ama Ã§ok gÃ¼zeldi. Senin futbolunu yine Ä°stanbulâ€™da seyredebilecek olmak tesellim oldu. DÃ¼nyada aktif en iyi birkaÃ§ 10 numaradan birisin benim iÃ§in. Heyecanla futbolunu bekliyorum. BÃ¼yÃ¼k baÅŸarÄ±larÄ±n devam etsin gÃ¼zel insan @M10 https://t.co/i9JJWUuIVw
50,acunilicali,"Welcome to our family Ã“scar. Bienvenido :)

@hullcity #theTigers #hcafc #HullCity"
51,acunilicali,"The Colombian striker weâ€™ve wanted to see in our team for a long time is now at Hull City. We are very glad to have made this transfer, which has been a long journey with a happy ending. I believe that Ã“scar will make our fans very happy with the goals heâ€™ll score."
52,acunilicali,Uzun zamandÄ±r takÄ±mÄ±mÄ±zda gÃ¶rmek istediÄŸimiz KolombiyalÄ± golcÃ¼ artÄ±k Hull Cityâ€™de.. Uzun ama mutlu sonla biten bu transferi gerÃ§ekleÅŸtirdiÄŸimiz iÃ§in Ã§ok mutluyuz. Ã“scarâ€™Ä±n atacaÄŸÄ± gollerle taraftarÄ±mÄ±zÄ± Ã§ok mutlu edeceÄŸine inanÄ±yorum. Ailemize hoÅŸ geldin Ã“scar. Bienvenido :) https://t.co/4djx0fp5SD
53,acunilicali,"Welcome to our family DoÄŸukan. First I would like to thank my dear friend Ali Åafak Ã–ztÃ¼rk, the president of Antalyaspor Aziz Ã‡etin and his management very much.

@hullcity @dogukansinik #theTigers #hcafc #HullCity"
54,acunilicali,"I am happy that the young star of Turkish football has joined our large family. I have no doubt that our dear national football player, whom I appreciate very much with his football and character, will make our fans very happy. I wish you a lot of success together."
55,acunilicali,TÃ¼rk futbolunun genÃ§ yÄ±ldÄ±zÄ±nÄ±n bÃ¼yÃ¼k ailemize katÄ±lmasÄ±nÄ±n mutluluÄŸunu yaÅŸÄ±yorum. Futbolu ve karakteriyle Ã§ok takdir ettiÄŸim deÄŸerli milli futbolcumuzun taraftarlarÄ±mÄ±zÄ± Ã§ok mutlu edeceÄŸinden ÅŸÃ¼phem yok. Birlikte nice baÅŸarÄ±lar diliyorum. Ailemize hoÅŸ geldin DoÄŸukan. https://t.co/U6SPYe8Ta6
56,acunilicali,"Hull City Ä°stanbulâ€™da. GÃ¼zel ÅŸehirde gÃ¼zel takÄ±m :)

Hull city are in Istanbul. A beautiful team in a beautiful city :)

@HullCity #theTigers #hcafc #HullCity https://t.co/UdhJCJeDpW"
57,acunilicali,@HullCity #theTigers #hcafc #HullCity https://t.co/2IQO3TX69M
58,acunilicali,https://t.co/Kkw33FJpg4
59,acunilicali,"BÃ¼yÃ¼k bir yeteneÄŸi Hull Cityâ€™ye kazandÄ±rdÄ±ÄŸÄ±mÄ±z iÃ§in Ã§ok mutluyuz. Ailemize hoÅŸ geldin Seri.

We are very happy to bring a great talent to Hull City. Welcome to our family Seri.

@HullCity #theTigers #hcafc #HullCity https://t.co/TJaeMMb3pL"
60,acunilicali,"#MasterChefTÃ¼rkiye yeni sezon birazdan @TV8â€™de baÅŸlÄ±yor..

@tvmasterchef @danilo_zanna @chefyalcinkaya @somersivrioglu #MasterChef #tv8 https://t.co/ZvJlXnZdcU"
61,acunilicali,We are happy that our national football player Ozan Tufan has been transferred to our club. I have full confidence in his abilities and the quality of football. I thank him for choosing to walk this path with us. Welcome to your home Ozan Tufan :)
62,acunilicali,"Milli futbolcumuz Ozan Tufanâ€™Ä±n kulÃ¼bÃ¼mÃ¼ze transferinin mutluluÄŸunu yaÅŸÄ±yoruz. Onun yeteneklerine ve futbol kalitesine sonuna kadar gÃ¼veniyorum. Bu yolda bizimle beraber yÃ¼rÃ¼meyi seÃ§tiÄŸi iÃ§in Ã§ok mutluyuz. AramÄ±za hoÅŸ geldin Ozan :)

@hullcity #theTigers #hcafc #HullCity @Ozan https://t.co/QckfIIMGvC"
63,acunilicali,"BÃ¼yÃ¼k ilginiz iÃ§in teÅŸekkÃ¼r ediyoruz. Sizleri seviyoruz.. 

#SurvivorAllStar #Survivor #Survivor2022 #SurvivorTÃ¼rkiye @survivorturkiye @tv8 https://t.co/25CoRT4AAu"
64,acunilicali,"#SurvivorAllStar bÃ¼yÃ¼k finali bu akÅŸam 20.00â€™de canlÄ± yayÄ±nla @tv8â€™de..

@survivorturkiye
#Survivor
#Survivor2022
#SurvivorTÃ¼rkiye
#TV8 https://t.co/3YaPOybsTP"
65,acunilicali,"#SurvivorAllStar yarÄ± finali bu akÅŸam 20.00â€™de canlÄ± yayÄ±nla @tv8â€™de..

@survivorturkiye #Survivor2022 #SurvivorTÃ¼rkiye #TV8 https://t.co/lQiReMidr2"
66,acunilicali,"SinemamÄ±zÄ±n duayen ismi, deÄŸerli sanatÃ§Ä±mÄ±z CÃ¼neyt ArkÄ±nâ€™a Allahâ€™tan rahmet, ailesine ve tÃ¼m sevenlerine baÅŸsaÄŸlÄ±ÄŸÄ± dilerim. #CÃ¼neytArkÄ±n https://t.co/7CGJYsVinv"
67,acunilicali,@LambSteve I will come visit you :)
68,acunilicali,"Î¤Î± ÎºÎ¿Î¹Î½Î¬Â Â  Ï€Î±Î¹Ï‡Î½Î¯Î´Î¹Î±Â  Ï€Î¿Ï… Ï€Î±Î¯Î¶Î¿Ï…Î½ Î¿Î¹ Î¿Î¼Î¬Î´ÎµÏ‚ Ï„Ï‰Î½ Î´Ï…Î¿ Ï‡Ï‰ÏÏÎ½, Î¼Îµ ÎµÎ½Î¸Î¿Ï…ÏƒÎ¹Î¬Î¶Î¿Ï…Î½ ÎºÎ±Î¹ Î¼Îµ ÎºÎ¬Î½Î¿Ï…Î½ Ï€Î¿Î»Ï Ï‡Î±ÏÎ¿ÏÎ¼ÎµÎ½Î¿.
Î•Î¯Î½Î±Î¹ Ï„Î¿ Ï€Î±ÏÎ¬Î´ÎµÎ¹Î³Î¼Î± Î¼Î¹Î±Ï‚ ÏŒÎ¼Î¿ÏÏ†Î·Ï‚ Ï†Î¹Î»Î¯Î±Ï‚. 

@survivorturkiye @SurvivorGreece #Survivor #Survivor2022 #SurvivorAllStar #SurvivorTÃ¼rkiye #SurvivorGreece #DominicanRepublic"
69,acunilicali,"Ä°ki Ã¼lkenin takÄ±mlarÄ±nÄ±n beraber oynadÄ±ÄŸÄ± oyunlar beni Ã§ok heyecanlandÄ±rÄ±yor ve mutlu ediyor.  DostluÄŸun gÃ¼zel bir Ã¶rneÄŸi :) 

I am very excited and happy with the games played by the teams of the two countries together. A good example of friendship :) https://t.co/gXD52eaYa8"
70,acunilicali,"We are very grateful to Corendon Airlines for the support they have given us. Hopefully we are going to fly to the victories with Corendon..

@Corendon_Air @hullcity #theTigers #hcafc #HullCity"
71,acunilicali,Bize verdikleri destekten Ã¶tÃ¼rÃ¼ Corendon HavayollarÄ±â€™na Ã§ok teÅŸekkÃ¼r ediyoruz. Ä°nÅŸallah Corendon'la zaferlere uÃ§acaÄŸÄ±z.. https://t.co/HYFaH0FCok
72,acunilicali,"Hem bana hem de Survivor TÃ¼rkiye yarÄ±ÅŸmacÄ±larÄ±mÄ±za gÃ¶sterdikleri inanÄ±lmaz misafirperverlik iÃ§in muhteÅŸem taraftarlarÄ±mÄ±za, bizi aÄŸÄ±rlayan Botanic Inn'e ve ev sahiplerine Ã§ok teÅŸekkÃ¼rler.. 

@HullCity #theTigers #hcafc #HullCity @survivorturkiye"
73,acunilicali,"I would like to thank our amazing fans for the incredible hospitality that they showed me and Survivor Turkey contestants. Special thanks to the Botanic Inn and the landlord and landlady for welcoming us..

UP THE TIGERS ! 

Video:

https://t.co/96fkbZkpHm"
74,acunilicali,https://t.co/WvOSFQBGXE
75,acunilicali,#23NisanUlusalEgemenlikveÃ‡ocukBayramÄ± kutlu olsun. Bu gÃ¼zel gÃ¼nÃ¼ Ã§ocuklara armaÄŸan eden Ulu Ã–nder Gazi Mustafa Kemal AtatÃ¼rkâ€™Ã¼ saygÄ± ve Ã¶zlemle anÄ±yorum. https://t.co/NkIhVPhUwB
76,acunilicali,"Ã–nemli galibiyet :) 

Important win :) 

@HullCity #theTigers #hcafc #HullCity https://t.co/TVteFoXYzJ"
77,acunilicali,"Ãœlkemizin huzur ve gÃ¼venliÄŸi iÃ§in 177 yÄ±ldÄ±r azim ve Ã¶zveriyle Ã§alÄ±ÅŸan TÃ¼rk Polis TeÅŸkilatÄ±'nÄ± kutluyor, vatan uÄŸruna ÅŸehit olan tÃ¼m kahraman polislerimizi rahmetle anÄ±yorum.ğŸ‡¹ğŸ‡· 
#TÃ¼rkPolisTeÅŸkilatÄ±177YaÅŸÄ±nda https://t.co/ZY1hZ1Cqpc"
78,acunilicali,"#AnneninSÄ±rrÄ±dÄ±rÃ‡ocuk ilk bÃ¶lÃ¼mÃ¼yle bugÃ¼n 20.00â€™de TV8â€™de baÅŸlÄ±yor..Â 

@anneninsirridir @tv8 @_NTCMedya #TV8 https://t.co/NfDazfyhgm"
79,acunilicali,"18 Mart 1915 Ã‡anakkale Zaferi ve Åehitleri Anma GÃ¼nÃ¼'nÃ¼n 107. yÄ±l dÃ¶nÃ¼mÃ¼nde Ulu Ã–nder Gazi Mustafa Kemal AtatÃ¼rk'Ã¼ ve tÃ¼m ÅŸehitlerimizi saygÄ±, minnet ve rahmetle anÄ±yorum. https://t.co/f2zBOPCeIY"
80,acunilicali,"DeÄŸerli sanatÃ§Ä±mÄ±z FÃ¼sun Nalan AÃ§Ä±nâ€™Ä±n vefat haberini Ã¼zÃ¼ntÃ¼yle Ã¶ÄŸrendim. Kendisine Allahâ€™tan rahmet, sevenlerine, ailesine ve sanat camiasÄ±na baÅŸsaÄŸlÄ±ÄŸÄ± dilerim. https://t.co/2f3cXewigq"
81,acunilicali,@uabanarchy @HullCity SaÄŸ ol kardeÅŸim :)
82,acunilicali,"Yeni gÃ¼nlÃ¼k dizimiz â€œCanÄ±m Annemâ€ ilk bÃ¶lÃ¼mÃ¼yle bugÃ¼n 14.45â€™te @TV8â€™de..

@canimannemtv #CanÄ±mAnnem #tv8 https://t.co/7OAF2rllog"
83,acunilicali,"Yeni gÃ¼nlÃ¼k dizimiz â€œCanÄ±m Annemâ€ ilk bÃ¶lÃ¼mÃ¼yle yarÄ±n 14.45â€™te @TV8â€™de.. 

@canimannemtv #CanÄ±mAnnem #tv8 https://t.co/Pp3B4HJ2ud"
84,acunilicali,"ONE BIG FAMILY @hullcity

#theTigers #hcafc #HullCity https://t.co/LrtIcOZQay"
85,acunilicali,"Teamwork :) @hullcity 

#theTigers #hcafc #HullCity https://t.co/U8pRkuuB4o"
86,acunilicali,"SinemamÄ±zÄ±n duayen ismi, deÄŸerli sanatÃ§Ä±mÄ±z Fatma Girik'e Allahâ€™tan rahmet, ailesine ve tÃ¼m sevenlerine baÅŸsaÄŸlÄ±ÄŸÄ± dilerim. #FatmaGirik https://t.co/cdDIzFhwIh"
87,acunilicali,"GÃ¼zel bir sezon geÃ§irdik. BaÅŸta OÄŸuzhan KoÃ§ ve takÄ±mÄ±ndan ÅŸampiyon yarÄ±ÅŸmacÄ±mÄ±z Hasan KoÃ§ak'Ä±, deÄŸerli jÃ¼ri Ã¼yelerimizi, ekibimizi ve tÃ¼m yarÄ±ÅŸmacÄ±larÄ±mÄ±zÄ± gÃ¶nÃ¼lden kutluyorum. Sezon boyunca bizi destekleyen izleyicimize teÅŸekkÃ¼rler.. 

@osesturkiye @tv8 #OSesTÃ¼rkiye #TV8 https://t.co/a3cDB7LSmr"
88,acunilicali,"Unutulmaz bir akÅŸamdÄ±. TaraftarlarÄ±mÄ±zÄ±n ilgisi beni Ã§ok duygulandÄ±rdÄ±, gÃ¼zel bir baÅŸlangÄ±Ã§ yaptÄ±k. ArtÄ±k Ã§alÄ±ÅŸma zamanÄ±. Hep beraber nice baÅŸarÄ±lar iÃ§in sonuna kadar mÃ¼cadele edeceÄŸiz. 

@HullCity #theTigers #hcafc #HullCity https://t.co/g67r0DR0fl"
89,acunilicali,"It was an unforgettable night. I am very touched by our fans support, we have made a good start. Now it's time to work. Together we will fight to the end for many successes. #OneFamily https://t.co/TCKOicF72Y"
90,acunilicali,"I had a dream to own a football club in England. Today I am happy that my dream came true. 

Ä°ngiltereâ€™de futbol kulÃ¼bÃ¼ sahibi olmak hayalimdi. BugÃ¼n bu hayalim gerÃ§ekleÅŸtiÄŸi iÃ§in Ã§ok mutluyum. 

@hullcity #theTigers #hcafc #HullCity https://t.co/9Bblfi0RJG"
91,acunilicali,"GeÃ§irdiÄŸi trafik kazasÄ±nda hayatÄ±nÄ± kaybeden TÃ¼rk futbolunun ve Konyasporâ€™un baÅŸarÄ±lÄ± futbolcusu Ahmet Ã‡alÄ±kâ€™a Allahâ€™tan rahmet, yakÄ±nlarÄ±na ve tÃ¼m spor camiasÄ±na baÅŸsaÄŸlÄ±ÄŸÄ± dilerim.. https://t.co/me9lEqtrHd"
92,acunilicali,"#OSesTÃ¼rkiye yeni bÃ¶lÃ¼mÃ¼yle bu akÅŸam saat 20.00'de @tv8'de.. 

@osesturkiye @ebrugundes #BeyazÄ±tÃ–ztÃ¼rk @muratboz @oguzhankoc #TV8 https://t.co/TxtZZYfoXD"
93,acunilicali,"Her yÄ±lbaÅŸÄ± akÅŸamÄ± bizi zirveye taÅŸÄ±yan seyircimiz, bu yÄ±l da yine en gÃ¼zel yeni yÄ±l hediyesini verdi. YanÄ±mÄ±zda olan tÃ¼m sanatÃ§Ä±larÄ±mÄ±za, emeÄŸi geÃ§en tÃ¼m arkadaÅŸlarÄ±ma ve bizi yalnÄ±z bÄ±rakmayan seyircimize Ã§ok teÅŸekkÃ¼r ediyorum.. #OSesTÃ¼rkiye https://t.co/LVIfKG3dbp"
94,acunilicali,"Eneftio'nun ilk NFT'leri olan All Star NFT'lerini keÅŸfetmek ve avantajlarla dolu bu dÃ¼nyanÄ±n bir parÃ§asÄ± olmak iÃ§in hemen https://t.co/ZqPEru0qem'a kayÄ±t ol. @eneftiotr â€˜yi  takip et, NFT dÃ¼nyasÄ±nda yerini Eneftio ayrÄ±calÄ±klarÄ± ile al. https://t.co/V7ahwYm7zQ"
95,acunilicali,"GÃ¼nlÃ¼k dizimiz â€œCanÄ±m Annemâ€ yakÄ±nda hafta iÃ§i her gÃ¼n TV8â€™de.

@tv8 @canimannemtv #TV8 https://t.co/Q0589Nxq8M"
96,acunilicali,"BaÅŸrolde Ã‡aÄŸatay Ulusoy ile yeni dizimiz â€œSÃ¼slÃ¼ Korkulukâ€ yakÄ±nda TV8â€™de. 

@tv8 @suslu_korkuluk @cagatayulusoyy #TV8 https://t.co/ETRZoHFFvI"
97,acunilicali,"Ä°ÅŸte Survivor All Star GÃ¶nÃ¼llÃ¼ler ilk tanÄ±tÄ±mÄ±..

@survivorturkiye @tv8 #SurvivorAllStar #SurvivorGÃ¶nÃ¼llÃ¼ler #Survivor2022 #TV8 https://t.co/hbNqsUWt5u"
98,acunilicali,"Ä°ÅŸte Survivor All Star ÃœnlÃ¼ler ilk tanÄ±tÄ±mÄ±..

@survivorturkiye @tv8 #SurvivorAllStar #SurvivorÃœnlÃ¼ler #Survivor2022 #TV8 https://t.co/Q4tOzWfpV0"
99,acunilicali,"Yeni yÄ±l Exxenâ€™le ÅŸenleniyor. EÄŸlence, macera, komedi, aksiyon, dram, yarÄ±ÅŸmaâ€¦ Hepsi en iyileri, hepsi en yenileri, hepsiÂ #EXXENâ€™de..

@exxentr @LeylaileMecnun @gibidizisi @ArabeskKadin @kayahasancan #Ä°lginÃ§BazÄ±Olaylar https://t.co/zh21eY1emI"
100,acunilicali,"Efsane kadrosu ile #OSesTÃ¼rkiye yÄ±lbaÅŸÄ± Ã¶zel programÄ± 31 AralÄ±k Cuma gÃ¼nÃ¼ saat 20.00â€™de @tv8â€™de..

#yÄ±lbaÅŸÄ±Ã¶zel #osesyÄ±lbaÅŸÄ± #tv8 

@osesturkiye @ebrugundes #BeyazÄ±tÃ–ztÃ¼rk @muratboz @oguzhankoc https://t.co/sf4Tk5dZdM"
101,acunilicali,"#OSesTÃ¼rkiye yeni bÃ¶lÃ¼mÃ¼yle bu akÅŸam saat 20.00'de @tv8'de.. 

@osesturkiye @ebrugundes #BeyazÄ±tÃ–ztÃ¼rk @muratboz @oguzhankoc #TV8 https://t.co/8uW4EtjnXQ"
102,acunilicali,"The moment I landed, I felt the great energy of that beautiful city. After I see the Turkish flags on the streets, on Twitter, I am sure that we will become one of the few clubs with very strong ties like a family. I hope that our dreams will come true very soon. 

@HullCity https://t.co/l8IZvwa5cz"
103,acunilicali,"O gÃ¼zel ÅŸehre indiÄŸim anda Ã§ok bÃ¼yÃ¼k bir enerji hissettim. Åimdi de sokaklarda, Twitter'da, TÃ¼rk bayraklarÄ±nÄ± gÃ¶rdÃ¼ÄŸÃ¼mde, gerÃ§ek bir aile gibi Ã§ok gÃ¼Ã§lÃ¼ baÄŸlarÄ± olan birkaÃ§ kulÃ¼pten biri olacaÄŸÄ±mÄ±zdan eminim. UmarÄ±m hayallerimiz Ã§ok yakÄ±nda gerÃ§ekleÅŸir. #theTigers #hcafc"
104,acunilicali,BirleÅŸik KrallÄ±k Ä°stanbul BaÅŸkonsolosu Kenan Poleoâ€™ya misafirperverliÄŸi iÃ§in teÅŸekkÃ¼r ederim. Ã‡ok keyifli bir sohbet oldu. UmarÄ±m en yakÄ±n zamanda tekrar bir araya geliriz. @KenanPoleo https://t.co/Qp8VkUnvch
105,acunilicali,"I would like to thank the Consul General of United Kingdom in Istanbul, Kenan Poleo, for his hospitality. It was a very pleasant conversation. I hope we will get together as soon as possible. @KenanPoleo https://t.co/0GVBdIxP1y"
106,acunilicali,"Ä°ÅŸte #SurvivorAllStar ÃœnlÃ¼ler ve GÃ¶nÃ¼llÃ¼ler TakÄ±mÄ±.. TÃ¼m yarÄ±ÅŸmacÄ±larÄ±mÄ±za baÅŸarÄ±lar dilerim. 

ÃœnlÃ¼ler: https://t.co/yrptuFjM9Q 

GÃ¶nÃ¼llÃ¼ler: https://t.co/0iosAVX6Hy 

@survivorturkiye #Survivor #Survivor2022 #SurvivorÃœnlÃ¼lerGÃ¶nÃ¼llÃ¼ler"
107,acunilicali,#SurvivorAllStar kadrosuna bu sabah sÃ¼rpriz bir isim dahil oldu. #Survivor2022 ÃœnlÃ¼ler-GÃ¶nÃ¼llÃ¼ler takÄ±mlarÄ±nÄ± bugÃ¼n saat 12.00'de aÃ§Ä±klÄ±yoruz. Gecikme iÃ§in Ã¶zÃ¼r dileriz. https://t.co/duSVPhz4jF
108,acunilicali,"NiÅŸantaÅŸÄ± Ãœniversitesi Acunmedya Akademi'de 2. dÃ¶nem mezunlarÄ±mÄ±zÄ± vermenin mutluluÄŸunu ve gururunu yaÅŸÄ±yoruz. TÃ¼m mezunlarÄ±mÄ±za baÅŸarÄ±lar diliyorum. Yolunuz aÃ§Ä±k olsun... 

@acunmedyakademi @NisantasiEdu #acunmedyaakademi https://t.co/pUWPvmeiA9"
109,acunilicali,"BaÅŸÃ¶ÄŸretmen Gazi Mustafa Kemal AtatÃ¼rk baÅŸta olmak Ã¼zere, Ã¼lkemizin fedakar Ã¶ÄŸretmenlerinin Ã–ÄŸretmenler GÃ¼nÃ¼ kutlu olsun.

#24KasÄ±mÃ–ÄŸretmenlerGÃ¼nÃ¼ https://t.co/79kqm590Sd"
110,acunilicali,2021 DÃ¼nya Superbike (WSBK) ÅŸampiyonu olarak bize bir ilki yaÅŸatan Milli motosikletÃ§imiz #ToprakRazgatlÄ±oÄŸluâ€™nu gÃ¶nÃ¼lden tebrik ediyor kendisiyle gurur duyuyorum. ğŸ‡¹ğŸ‡·ğŸ† @toprak_tr54 https://t.co/jt2Hc7xlIP
111,acunilicali,"#OSesTÃ¼rkiye yeni bÃ¶lÃ¼mÃ¼yle bu akÅŸam saat 20.00'de @tv8'de..

@osesturkiye @ebrugundes #BeyazÄ±tÃ–ztÃ¼rk @muratboz @oguzhankoc #TV8 https://t.co/nuWMdEXnA3"
112,acunilicali,"Thanks for your warm hospitality @HullCity

#theTigers #hcafc #HullCity https://t.co/Trhqr0ayPp"
113,acunilicali,"https://t.co/BHoUTeY9cI

@bazdjcooper @HullCity

#theTigers #hcafc #HullCity https://t.co/fLtMFUK5Dy"
114,acunilicali,"Cumhuriyetimizin kurucusu Ulu Ã–nder Gazi Mustafa Kemal AtatÃ¼rkâ€™Ã¼ vefatÄ±nÄ±n 83. yÄ±lÄ±nda sevgi, saygÄ± ve minnetle anÄ±yorum. #10KasÄ±m https://t.co/UkUThYgaZa"
115,acunilicali,"I hope this process will be completed soon and that my dream turns into a reality. 

@HullCity #theTigers #hcafc #HullCity"
116,acunilicali,I am also blown away by their great support in the away games. Ehab Allam is an exceptional person and was a huge help to us during this period. I would like to extend my deep gratitude and respect to him and his family.
117,acunilicali,"The countdown begins 

May 12th 2021. The first day that I landed in this beautiful city. 
In this very short time, I had so many happy moments and met some great people. During the games, I watched the Hull City supporters with deep admiration. https://t.co/hCCeZ6rv65"
118,acunilicali,Deplasmanlarda gÃ¶sterdikleri bÃ¼yÃ¼k desteÄŸe hayranÄ±m. Ehab Allam Ã§ok deÄŸerli bir insan ve bize bu sÃ¼reÃ§te Ã§ok yardÄ±mcÄ± oldu. Ona ve ailesine bÃ¼yÃ¼k saygÄ± duyuyorum. UmarÄ±m bu sÃ¼reÃ§ kÄ±sa zamanda tamamlanÄ±r ve benim bu hayalim gerÃ§ek olur.
119,acunilicali,"Geri sayÄ±m baÅŸladÄ±.. 

12 MayÄ±s 2021. Ä°ÅŸte bu gÃ¼zel ÅŸehre ilk ayak bastÄ±ÄŸÄ±m gÃ¼n.
KÄ±sa sÃ¼rede Ã§ok gÃ¼zel insanlarla tanÄ±ÅŸtÄ±m, mutluluktan baÅŸka hiÃ§bir ÅŸey hissetmedim. MaÃ§larÄ± seyrederken Hull City taraftarlarÄ±nÄ± hayranlÄ±kla izliyorum. https://t.co/ggSA6hQWPB"
120,acunilicali,#OSesTÃ¼rkiye yeni bÃ¶lÃ¼mÃ¼yle bu akÅŸam saat 20.00'de @tv8'de.. @osesturkiye @ebrugundes #BeyazÄ±tÃ–ztÃ¼rk @muratboz @oguzhankoc #TV8 https://t.co/7e0ofHKNhQ
121,acunilicali,Åehrimin ÅŸampiyon takÄ±mÄ± BB @Erzurumspor'un taraftar token'Ä± #ERZ Token alÄ±m satÄ±mlarÄ± bugÃ¼n tÃ¼m kullanÄ±cÄ±lara https://t.co/sz9zIUM41L â€™de aÃ§Ä±ldÄ±! @bitexencom iÅŸ birliÄŸi ile gerÃ§ekleÅŸen ERZ Token token alÄ±m satÄ±mlarÄ± DadaÅŸlarÄ±mÄ±za ve takÄ±mÄ±mÄ±za ÅŸimdiden hayÄ±rlÄ± olsun! ğŸ’™ğŸ¤ https://t.co/hZ8SOesXKu
122,acunilicali,"Cumhuriyetimizin 98. yÄ±l dÃ¶nÃ¼mÃ¼nde Ulu Ã–nderimiz Gazi Mustafa Kemal AtatÃ¼rkâ€™Ã¼, aziz ÅŸehitlerimizi ve kahraman gazilerimizi rahmet ve minnetle anÄ±yorum. 29 Ekim Cumhuriyet BayramÄ±mÄ±z Kutlu Olsun. https://t.co/BThEf9jwUk"
123,acunilicali,"Erzurumsporâ€™umuz bugÃ¼n saat 13:00â€™da Bitexen ile birlikte ERZTOKEN Ã¶n satÄ±ÅŸÄ±na baÅŸladÄ±. ğŸ’™ğŸ¤ Erzurumspor'umuza ve taraftarÄ±mÄ±za $ERZ Token hayÄ±rlÄ± olsun! 
Ã–n satÄ±ÅŸlar 25 Ekim'deÂ (bugÃ¼n) saat 13:00â€™da https://t.co/ce4w33TEf7Â 'da baÅŸladÄ±.. @Erzurumspor @bitexencom https://t.co/68xcYDJV0n"
124,acunilicali,#OSesTÃ¼rkiye yeni bÃ¶lÃ¼mÃ¼yle bu akÅŸam saat 20.00'de @tv8'de.. @osesturkiye @ebrugundes #BeyazÄ±tÃ–ztÃ¼rk @muratboz @oguzhankoc #TV8 https://t.co/wk8kxKZvDK
125,acunilicali,I support my brother @iamnickrose and $ern tomorrow for the @shaq drop https://t.co/2ve7pEuc2M
126,acunilicali,#OSesTÃ¼rkiye yeni sezonu bu akÅŸam saat 20.00'de @tv8'de baÅŸlÄ±yor. @osesturkiye @ebrugundes #BeyazÄ±tÃ–ztÃ¼rk @muratboz @oguzhankoc https://t.co/PFHYIy4jSX
127,acunilicali,"2018 yÄ±lÄ±nda kaybettiÄŸimiz deÄŸerli Ã§alÄ±ÅŸma arkadaÅŸÄ±mÄ±z, genÃ§ kardeÅŸim Alper BaycÄ±nâ€™Ä±n adÄ±nÄ± yaÅŸatmak adÄ±na Antalya MuratpaÅŸaâ€™da Kameraman Alper BaycÄ±n ParkÄ±â€™nÄ±n aÃ§Ä±lÄ±ÅŸÄ±ndaydÄ±k. Seni asla unutmayacaÄŸÄ±z... https://t.co/1P48G203KD"
128,acunilicali,HayatÄ± rap ile kovalayanlarÄ±n hikayesi â€œKovalaâ€ #EXXENâ€™de.. @exxentr https://t.co/zvJWGD8eXt
129,acunilicali,#KÄ±rmÄ±zÄ±Oda yeni sezon ilk bÃ¶lÃ¼mÃ¼yle bu akÅŸam 20.00'de #TV8'de baÅŸlÄ±yor.. @tv8 @kirmiziodadizi https://t.co/WzAjvmYE6k
130,acunilicali,"#UEFAÅampiyonlarLigi'nde ilk grup maÃ§larÄ±, bu akÅŸam 19.45 ve 22.00'deki canlÄ± yayÄ±nlarla #EXXEN'de.. @exxentr https://t.co/EUBpXfZdmz"
131,acunilicali,"Bu akÅŸam 20.30'da Haber Global'de CandaÅŸ Tolga ile #AzÃ–nceKonuÅŸtum'un konuÄŸuyum.. @haberglobal @azonce_konustum
@ctisik https://t.co/MNVB5PuWGS"
132,acunilicali,"Zuhal Topalâ€™la Yemekteyiz az sonra #TV8â€™de baÅŸlÄ±yor. HayÄ±rlÄ± olsun..

@tv8 @yemekteyiztv #ZuhalTopallaYemekteyiz #Yemekteyiz https://t.co/IZLX1T7kGS"
133,acunilicali,"2.Sayfa magazin programÄ±mÄ±zÂ az sonra canlÄ± yayÄ±nla TV8â€™de baÅŸlÄ±yor, MÃ¼ge ve GÃ¼lÅŸenâ€™e gÃ¶nÃ¼lden baÅŸarÄ±lar. HayÄ±rlÄ± olsun.. @tv8 #TV8 https://t.co/On8L76EY7q"
134,acunilicali,Bu muhteÅŸem dizide emeÄŸi geÃ§en herkese ve yoÄŸun ilgi gÃ¶steren tÃ¼m Exxen Ã¼yelerine teÅŸekkÃ¼r ederim. Ä°yi seyirler. #LeylaileMecnun @LeylaileMecnun @exxentr #EXXEN https://t.co/oOAyFxs5rf
135,acunilicali,Leyla ile Mecnun 8 yÄ±l sonra yine sizlerle buluÅŸtu. Bu yola gÃ¼zel bir hayalle Ã§Ä±ktÄ±k ve olaÄŸanÃ¼stÃ¼ bir ilgi gÃ¶rerek beklediÄŸimin Ã§ok Ã¼stÃ¼nde bir izlenme sayÄ±sÄ±na ulaÅŸtÄ±.
136,acunilicali,YoÄŸun isteÄŸiniz Ã¼zerine Leyla ile Mecnun'u 1 saat Ã¶ne Ã§ektik. Saat 23.00â€™te yayÄ±nda olacak.. Ä°yi seyirler :)
137,acunilicali,"#LeylaileMecnun yepyeni bÃ¶lÃ¼mleriyle tam kadro yarÄ±n #EXXENâ€™de baÅŸlÄ±yor 

@atayaliko @serkoperko @osmansonant @taylan1789 @mcengizbozkurt @bendenizler @burakaksak @exxentr @leylailemecnun https://t.co/ecvCJY3jNU"
138,acunilicali,"30 AÄŸustos Zafer BayramÄ±mÄ±zÄ±n 99. yÄ±l dÃ¶nÃ¼mÃ¼nÃ¼ kutluyor, baÅŸta Ulu Ã–nder Gazi Mustafa Kemal AtatÃ¼rk ve silah arkadaÅŸlarÄ± olmak Ã¼zere tÃ¼m ÅŸehitlerimizi saygÄ± ve rahmetle anÄ±yorum.ğŸ‡¹ğŸ‡· https://t.co/umYKxGquMz"
139,acunilicali,"MasterChef'te sizi aÄŸÄ±rlamak bÃ¼yÃ¼k mutluluk. Her biriniz madalyalarÄ±nÄ±zla bize bÃ¼yÃ¼k gurur yaÅŸattÄ±nÄ±z, saÄŸ olun var olun ğŸ‡¹ğŸ‡· https://t.co/RcTVOtr6Of"
140,acunilicali,GÃ¼ndÃ¼z kuÅŸaÄŸÄ±nÄ±n baÅŸarÄ±lÄ± ismi Zuhal Topal artÄ±k @tv8'de.. HoÅŸ geldin. https://t.co/KkMytDFdQI
141,acunilicali,"Kastamonu, Sinop ve BartÄ±nâ€™da yaÅŸanan sel felaketi sebebiyle hayatÄ±nÄ± kaybeden vatandaÅŸlarÄ±mÄ±za Allahâ€™tan rahmet, ailelerine ve milletimize baÅŸsaÄŸlÄ±ÄŸÄ± ve sabÄ±rlar dilerim."
142,acunilicali,"YangÄ±nlarÄ± sÃ¶ndÃ¼rmek iÃ§in Ã¶zveriyle ve fedakarca mÃ¼cadele eden, yardÄ±m ve destekte bulunan kamu gÃ¶revlilerimize, itfaiyecilerimize ve tÃ¼m vatandaÅŸlarÄ±mÄ±za Ã§ok teÅŸekkÃ¼rler. Bu zor gÃ¼nleri hep beraber dayanÄ±ÅŸma iÃ§erisinde aÅŸacak, yaralarÄ±mÄ±zÄ± birlikte saracaÄŸÄ±z."
143,acunilicali,GÃ¼zel Ã¼lkemizin birÃ§ok farklÄ± noktasÄ±nda meydana gelen yangÄ±nlar nedeniyle yaÅŸanan tÃ¼m kayÄ±plar iÃ§in Ã§ok derin bir Ã¼zÃ¼ntÃ¼ yaÅŸÄ±yoruz.
144,acunilicali,"Herkesin emeÄŸine saÄŸlÄ±k. #LeylaileMecnun Ã§ok yakÄ±nda tam kadro yepyeni bÃ¶lÃ¼mleriyle #EXXEN'de..

@exxentr @LeylaileMecnun https://t.co/aU8UJQjdBm"
145,acunilicali,"Bizim bu yayÄ±nla oynama, ekleme, deÄŸiÅŸtirme hakkÄ±mÄ±z yoktur. Gelen yayÄ±nÄ±n Ã¼zerine sadece TÃ¼rkÃ§e seslendirme ekleyerek yayÄ±nlamak zorundayÄ±z. FotoÄŸraflardan da gÃ¶rÃ¼ldÃ¼ÄŸÃ¼ Ã¼zere diÄŸer kanallardan yayÄ±nlanmÄ±ÅŸ maÃ§lardan gÃ¶rÃ¼ntÃ¼ler ve iÅŸte sanal reklamlar.. https://t.co/igbHZVMuDD"
146,acunilicali,"TÃ¼rkiyeâ€™de oynanan maÃ§Ä±n yayÄ±n haklarÄ± nasÄ±l TÃ¼rk kulÃ¼plerininse, Hollandaâ€™da oynanan maÃ§Ä±n yayÄ±n haklarÄ± da onlara aittir. Bize gelen yayÄ±n sinyalini ilgili kulÃ¼bÃ¼n yayÄ±ncÄ± firmasÄ± saÄŸlamaktadÄ±r. YayÄ±ncÄ±lar farklÄ± Ã¼lkelere farklÄ± yayÄ±n sinyalleri gÃ¶nderebilirler."
147,acunilicali,PSV - Galatasaray maÃ§Ä±nda TVâ€™de yayÄ±nlanan sanal reklamlar ve yaÅŸanan teknik sorun HollandalÄ± servis saÄŸlayÄ±cÄ±dan kaynaklanmÄ±ÅŸtÄ±r. Uygulanan sanal reklamlar tamamen bilgimiz dÄ±ÅŸÄ±ndadÄ±r. TV8â€™in bir gelir elde etmesi asla sÃ¶z konusu deÄŸildir..
148,acunilicali,https://t.co/hTBHe2CoEA
149,acunilicali,"VatanÄ±mÄ±za ve bayraÄŸÄ±mÄ±za sahip Ã§Ä±kan tÃ¼m ÅŸehitlerimizi saygÄ±, minnet ve rahmetle anÄ±yorum. Sizi hiÃ§bir zaman unutmayacaÄŸÄ±z. https://t.co/y6mHvTtxCN"
150,acunilicali,"TÃ¼rk sinemasÄ±nÄ±n unutulmaz isimlerinden, usta yÃ¶netmen ve usta oyuncu Kartal Tibetâ€™e Allahâ€™tan rahmet dilerim. MekanÄ± cennet olsun. https://t.co/Z0on02NVK0"
151,acunilicali,Destek olan herkese binlerce teÅŸekkÃ¼rler. TaraftarÄ±mÄ±zdan tek ricam bu ÅŸahÄ±s benimle ilgili bundan sonra geÃ§miÅŸe dair yeni bir yalan haber yaparsa zamanÄ±nda niye bu haberi kullanmadÄ±n diye sormanÄ±z.
152,acunilicali,"Ã‡ok teÅŸekkÃ¼rler, fitne sokuyorsun derken bunu kastediyordum gÃ¼zel Ã¶rnek verdin. 5 senede 2 kere SamandÄ±ra'ya gittim, biri Ersun hocayÄ± ziyarete diÄŸeri yÃ¶netimin daveti. Sende hastalÄ±k galiba bu, aklÄ±nca fitne sokacaksÄ±n yine. Allah ÅŸifa versin.. https://t.co/0ZDSaGAIsz"
153,acunilicali,"@sercanhamzaolu Haber yapÄ±yorum ÅŸemsiyesi altÄ±nda sahte beklenti yaratÄ±rsan, fitne sokarsan bunlarÄ± yaÅŸaman normal. GeÃ§enlerde baÅŸkanla aramda geÃ§en hayali bir konuÅŸma uydurmuÅŸtun, yalan haber yaptÄ±ÄŸÄ±na bizzat ÅŸahidim."
154,acunilicali,"#Survivor2021â€™de yarÄ±ÅŸan tÃ¼m yarÄ±ÅŸmacÄ±larÄ±mÄ±zÄ± ve bu sezonda emeÄŸi geÃ§en ekibimizi gÃ¶nÃ¼lden tebrik ediyorum. Sezonun ÅŸampiyonu Ä°smail Balaban'Ä± kutluyorum. Bizimle bu heyecanÄ± ekranlardan paylaÅŸan tÃ¼m seyircilerimize sonsuz teÅŸekkÃ¼rler.. 
#SurvivorTÃ¼rkiye @survivorturkiye https://t.co/6S353NWTua"
155,acunilicali,"Survivor yarÄ± finali bu akÅŸam saat 20.00'de canlÄ± yayÄ±nla @tv8'de @survivorturkiye 

#Survivor
#Survivor2021
#SurvivorTÃ¼rkiye
#DominicanRepublic https://t.co/r3BuMT3b0s"
156,acunilicali,@igecetumblr ben Carolina dedim arkadaÅŸlar Katerina yazmÄ±ÅŸ :)
157,acunilicali,@igecetumblr Katerina :)
158,acunilicali,Aleyna Ã‡ - Merve eÅŸleÅŸsin mi?
159,acunilicali,Aleyna Ã‡ - AyÅŸe eÅŸleÅŸsin mi?
160,acunilicali,Aleyna K - Merve eÅŸleÅŸsin mi?
161,acunilicali,Aleyna K - AyÅŸe eÅŸleÅŸsin mi?
162,acunilicali,Berkay - Dora eÅŸleÅŸsin mi?
163,acunilicali,Berkay - Steven eÅŸleÅŸsin mi?
164,acunilicali,Berkay - Poyraz eÅŸleÅŸsin mi?
165,acunilicali,Batuhan - Dora eÅŸleÅŸsin mi?
166,acunilicali,Batuhan - Steven eÅŸleÅŸsin mi?
167,acunilicali,Batuhan - Poyraz eÅŸleÅŸsin mi?
168,acunilicali,Ä°smail - Steven eÅŸleÅŸsin mi?
169,acunilicali,Ä°smail - Dora eÅŸleÅŸsin mi?
170,acunilicali,Ä°smail - Poyraz eÅŸleÅŸsin mi?
171,acunilicali,#Survivor yarÄ±ÅŸmacÄ± eÅŸleÅŸme anketi.. #SurvivorTÃ¼rkiye #Survivor2021 #TV8 #AcunMedya @survivorturkiye
172,acunilicali,"19 MayÄ±s AtatÃ¼rkâ€™Ã¼ Anma, GenÃ§lik ve Spor BayramÄ±mÄ±z kutlu olsun. BaÅŸta Ulu Ã–nder Gazi Mustafa Kemal AtatÃ¼rk olmak Ã¼zere, tÃ¼m ÅŸehitlerimizi saygÄ±, rahmet ve minnet ile anÄ±yorum. #19MAYIS https://t.co/BZychczgv1"
173,acunilicali,"#KralÅakirâ€™den Ã§ocuklara sÃ¼rpriz.. #KralÅakirCumburlop ÅŸimdi #EXXEN'de yayÄ±nda

@exxentr @kralsakirresmi @varolyasaroglu @grafi2000prd https://t.co/2rfD81g6hM"
174,acunilicali,#23Nisan Ulusal Egemenlik ve Ã‡ocuk BayramÄ± Kutlu Olsun.ğŸ‡¹ğŸ‡· https://t.co/JeaHz3S1YG
175,acunilicali,UmarÄ±m BeÅŸiktaÅŸâ€™a klavyen dÄ±ÅŸÄ±nda benim FenerbahÃ§eâ€™ye verdiÄŸim desteÄŸin yÃ¼zde birini vermiÅŸsindir.
176,acunilicali,Senin gibi iÃ§indeki kÃ¶tÃ¼lÃ¼kleri dÃ¶kenler bÃ¶yle deÄŸerli bir kulÃ¼bÃ¼ temsil etmemeli. YÃ¼zÃ¼n kÄ±zarÄ±r mÄ± bilmem ama BeÅŸiktaÅŸâ€™Ä±n destek kampanyasÄ±nÄ± kanalÄ±mda Ã¼cret talep etmeden yayÄ±nladÄ±m. Hatta BeÅŸiktaÅŸâ€™a senden daha fazla destek vermiÅŸ olabilirim.
177,acunilicali,Bize bu ÅŸekilde bir imayi yapacak kadar akÄ±l tutulmasÄ± yaÅŸaman ilginÃ§. BeÅŸiktaÅŸlÄ± dostlarÄ±mÄ±z yanlÄ±ÅŸ anlamasÄ±n diye planlanan Erzurumspor gecesini erteledik. Dominikâ€™ten yayÄ±n yapmak zorunda kalacaÄŸÄ±z. https://t.co/vPzTGctuxD
178,acunilicali,"Survivor 2021 yeni bÃ¶lÃ¼mÃ¼yle bu akÅŸam 20.00â€™de @tv8â€™de.. 

#Survivor #Survivor2021 #SurvivorTÃ¼rkiye #TV8 @survivorturkiye https://t.co/uHwK07JGRT"
179,acunilicali,"Survivor 2021 yeni bÃ¶lÃ¼mÃ¼yle bu akÅŸam 20.00â€™de @tv8â€™de.. 

#Survivor #Survivor2021 #SurvivorTÃ¼rkiye #TV8 @survivorturkiye https://t.co/fUV8UA5t8p"
180,acunilicali,"Survivor yeni bÃ¶lÃ¼mÃ¼yle yarÄ±n akÅŸam 20.00â€™de @tv8â€™de.. 

#Survivor #Survivor2021 #SurvivorTÃ¼rkiye #TV8 @survivorturkiye https://t.co/zqLUfykXqF"
181,acunilicali,"Survivor BirleÅŸme Partisi bu akÅŸam 20.00â€™de @tv8â€™de..

#Survivor #SurvivorTÃ¼rkiye #SurvivorGreece #Survivor2021 #tv8 #JasonDerulo @survivorturkiye @SurvivorGreece https://t.co/ketI7R8Nkh"
182,acunilicali,"#OSesTÃ¼rkiyeRap 2. bÃ¶lÃ¼mÃ¼yle bu Cuma #EXXENâ€™de yayÄ±nda..

@eypio @murdaworld @Hadise #Mero @hejajeh @osesturkiye @exxentr https://t.co/zVljNCrp0e"
183,acunilicali,"18 Mart Ã‡anakkale Zaferi ve Åehitleri Anma GÃ¼nÃ¼mÃ¼zÃ¼n 106. yÄ±l dÃ¶nÃ¼mÃ¼nde Ulu Ã–nder Gazi Mustafa Kemal AtatÃ¼rkâ€™Ã¼ ve tÃ¼m ÅŸehitlerimizi saygÄ±, rahmet ve minnet ile anÄ±yorum.
#18MartÃ‡anakkaleZaferi https://t.co/MB2HfR4jCY"
184,acunilicali,"O Ses TÃ¼rkiyeâ€™de rap zamanÄ±.. 
Hadise, Murda, Eypio, Mero ve Heja ile #OSesTÃ¼rkiyeRap bu Cuma ilk bÃ¶lÃ¼mÃ¼yle #EXXENâ€™de yayÄ±nda..

@eypio @murdaworld @Hadise #Mero @hejajeh @osesturkiye https://t.co/HVSTsrrKWp"
185,acunilicali,"UnutamayacaÄŸÄ±m bir bÃ¶lÃ¼m.. #Survivor2021 bu akÅŸam 20.00â€™de @tv8â€™de. @survivorturkiye 

#Survivor #SurvivorTÃ¼rkiye #tv8 https://t.co/pduKcCujVe"
186,acunilicali,"Exxenâ€™in Survivorâ€™a gÃ¶tÃ¼rdÃ¼ÄŸÃ¼ 100 Survivor severden biri olmak, partiye katÄ±lmak, yarÄ±ÅŸmalarÄ± izlemek ve Survivor heyecanÄ±nÄ± Adaâ€™da yaÅŸamak iÃ§in https://t.co/xcWrDJyXQ9 Ã¼zerinden hemen Ã¼ye ol, hemen baÅŸvur. BaÅŸvuru iÃ§in son gÃ¼n yarÄ±n. 
Ãœstelik pasaport yeterli, vize gerekmiyor. https://t.co/77eoD9YPSo"
187,acunilicali,#8MartDÃ¼nyaKadÄ±nlarGÃ¼nÃ¼ Kutlu Olsun. https://t.co/j0lw9WDpIL
188,acunilicali,"KadÄ±na ÅŸiddet bir insanlÄ±k suÃ§udur.
#KadÄ±naÅiddeteHayÄ±r"
189,acunilicali,"Bitlisâ€™te meydana gelen talihsiz helikopter kazasÄ±nda ÅŸehit olan askerlerimize Allahâ€™tan rahmet, yaralÄ±larÄ±mÄ±za acil ÅŸifalar diliyorum. BaÅŸÄ±mÄ±z saÄŸ olsun. ğŸ‡¹ğŸ‡·"
190,acunilicali,Åehit olan 13 vatandaÅŸÄ±mÄ±za Allahâ€™tan rahmet; aileleri ve yakÄ±nlarÄ±na sabÄ±r diliyorum. Milletimizin baÅŸÄ± saÄŸ olsun. ğŸ‡¹ğŸ‡·
191,acunilicali,"Kral Åakirâ€™in yeni filmi â€œMikrop AvcÄ±larÄ±â€ ÅŸu an EXXENâ€™de..
https://t.co/BJ9L4ZjlK1
@exxentr @kralsakirresmi @varolyasaroglu @grafi2000prd
#KralÅakir #MikropAvcÄ±larÄ± #EXXEN https://t.co/YyHWY57Eex"
192,acunilicali,#OSesTÃ¼rkiyeRap yarÄ±ÅŸmacÄ± baÅŸvurusu iÃ§in: https://t.co/iVT0fMO7Fm https://t.co/E2C8CYDNAr
193,acunilicali,"#Survivor2021 ilk bÃ¶lÃ¼mÃ¼yle tÃ¼m kategorilerde birinci oldu. BÃ¼tÃ¼n ekip arkadaÅŸlarÄ±mÄ± kutluyor, seyircilerimize gÃ¶nÃ¼lden teÅŸekkÃ¼r ediyorum. #SurvivorTÃ¼rkiye #Survivor @survivorturkiye @tv8 https://t.co/KvcH81EJnc"
194,acunilicali,Ä°ÅŸte Survivorâ€™Ä±n yeni sezon ilk bÃ¶lÃ¼m tanÄ±tÄ±mÄ±. YarÄ±n 20.00â€™de @tv8â€™de... #Survivor2021 #SurvivorTÃ¼rkiye #Survivor #TV8 @survivorturkiye https://t.co/A1NTR4Ty7w
195,acunilicali,"BÃ¼yÃ¼k macera yarÄ±n akÅŸam 20.00'de @tv8â€™de baÅŸlÄ±yor, hayÄ±rlÄ± olsun.. #Survivor2021 #SurvivorTÃ¼rkiye  #Survivor  @survivorturkiye https://t.co/DC5dQBYmjd"
196,acunilicali,Ä°ÅŸte #Survivor2021 ÃœnlÃ¼ler TakÄ±mÄ±.. TÃ¼m yarÄ±ÅŸmacÄ±larÄ±mÄ±za baÅŸarÄ±lar dilerim. #SurvivorTÃ¼rkiye 9 Ocak Cumartesi 20.00â€™de @tv8â€™de baÅŸlÄ±yor.. @survivorturkiye https://t.co/b3HZrClK8h
197,acunilicali,Ä°ÅŸte #Survivor2021 GÃ¶nÃ¼llÃ¼ler TakÄ±mÄ±.. TÃ¼m yarÄ±ÅŸmacÄ±larÄ±mÄ±za baÅŸarÄ±lar dilerim. #SurvivorTÃ¼rkiye 9 Ocak Cumartesi @tv8â€™de baÅŸlÄ±yor.. @survivorturkiye https://t.co/YckLTIQCRf
198,acunilicali,Ã‡ocuklarÄ±n en sevdiÄŸi kahraman #KralÅakirâ€™in yeni Ã§izgi filmleri #EXXEN'de. Ailemize hoÅŸ geldin Kral Åakir. @kralsakirresmi @varolyasaroglu @grafi2000prd @exxentr https://t.co/9Jf9PbcyVL
199,acunilicali,Nazar deÄŸmesin :) https://t.co/pSXe47zjRh
200,acunilicali,Exxen 1 Ocakâ€™ta seyircimizle buluÅŸacak. AmacÄ±mÄ±z bÃ¼tÃ¼n izleyicilerimizin Exxen ile buluÅŸabilmesi. Bu nedenle Exxenâ€™in aylÄ±k Ã¼creti herkesin Ã¶deyebileceÄŸi bir rakam olacak. #Exxen @exxentr @kayahasancan https://t.co/GKPABq0E4X
201,acunilicali,Hasan Can Kaya 1 Ocak itibarÄ±yla Exxen platformumuzda yer alacak. Hasan Canâ€™Ä±n Ã§alÄ±ÅŸmalarÄ±nÄ± sÃ¼rdÃ¼rÃ¼p daha baÅŸarÄ±lÄ± olabilmesi iÃ§in emeÄŸinin karÅŸÄ±lÄ±ÄŸÄ±nÄ± bir Ã¶lÃ§Ã¼de almasÄ± gerekiyor. Son dÃ¶nemlerde gÃ¶rdÃ¼ÄŸÃ¼m en Ã§alÄ±ÅŸkan ve zeki insanlardan biri.
202,acunilicali,Åampiyonlar Ligi maÃ§Ä±nda temsilcimiz BaÅŸakÅŸehir'in maruz kaldÄ±ÄŸÄ± Ä±rkÃ§Ä± saldÄ±rÄ±yÄ± kÄ±nÄ±yorum! Onurlu bir duruÅŸ sergileyip sahadan Ã§ekilen temsilcimizi tebrik ederim. #Notoracism https://t.co/XrQNG76iek
203,acunilicali,Bunu saÄŸlamak yaÅŸadÄ±ÄŸÄ±mÄ±z iftira kampanyasÄ±na deÄŸer. Sevgiler... @Deniz_Zeyrek
204,acunilicali,"Hukuki haklarÄ±mÄ±zÄ± sonuna kadar kullanacaÄŸÄ±z. Siz kininizi kusmaya devam edin, biz Ã§alÄ±ÅŸmaya devam edeceÄŸiz. Ä°zleyicilerimize de belirtmek isterim ki, bir genÃ§ eskiden yaptÄ±ÄŸÄ± hatalarÄ± nedeniyle toplumdan linÃ§ yemek Ã¼zereyken onun hayatÄ± boyunca yaÅŸayacaÄŸÄ± maÄŸduriyeti engelledik."
205,acunilicali,"Belediyeler arasÄ±nda parti ayrÄ±mÄ± yapÄ±yorsunuz, farklÄ± Ã¼cretler alÄ±yorsunuz. Ä°FTÄ°RA!
HiÃ§bir zaman belediye ayrÄ±mÄ± yapmadÄ±k ve yapmayÄ±z.
Bir yazÄ±ya 3 yalan ve 1 iftara sÄ±ÄŸdÄ±rabilmek gerÃ§ekten bÃ¼yÃ¼k baÅŸarÄ±, tebrikler. Tabii inandÄ±rabilirsen..."
206,acunilicali,"Diskalifiyeyi reyting malzemesi yaptÄ±nÄ±z. YALAN!
YayÄ±nda gerÃ§ekleÅŸen diskalifiye anÄ±nÄ± reyting malzemesi yapmadÄ±k, aksine yayÄ±nda kendini ifade edip kalÄ±cÄ± hasar gÃ¶rmemesini saÄŸladÄ±k. UÄŸur bu yaklaÅŸÄ±mÄ±mÄ±zÄ±n farkÄ±nda ve bizzat bana teÅŸekkÃ¼r etti."
207,acunilicali,"Diskalifiyeden sonra 10 gÃ¼n daha Ã§ekim yaptÄ±nÄ±z. YALAN! CanlÄ± yayÄ±nda elediniz. YALAN!
MasterChef TÃ¼rkiye Ã§ekimler gerÃ§ekleÅŸtikten birkaÃ§ gÃ¼n sonra izleyiciyle buluÅŸuyor, canlÄ± yayÄ±nlanan bir program deÄŸil, izleyicimiz de bunu bilir."
208,acunilicali,BaÅŸÃ¶ÄŸretmenimiz Ulu Ã–nder Mustafa Kemal AtatÃ¼rk baÅŸta olmak Ã¼zere tÃ¼m Ã¶ÄŸretmenlerimizin Ã–ÄŸretmenler GÃ¼nÃ¼ kutlu olsun. #Ã–ÄŸretmenlerGÃ¼nÃ¼ https://t.co/XZunoY1u1S
209,acunilicali,UÄŸur YÄ±lmaz Deniz isimli yarÄ±ÅŸmacÄ±nÄ±n sosyal medyada kullandÄ±ÄŸÄ± terbiye sÄ±nÄ±rlarÄ±nÄ± aÅŸan paylaÅŸÄ±mlarÄ± nedeniyle Masterchef yarÄ±ÅŸmasÄ±yla iliÅŸiÄŸi kesilmiÅŸtir.
210,acunilicali,"Cumhuriyetimizin kurucusu Ulu Ã–nder Gazi Mustafa Kemal AtatÃ¼rkâ€™Ã¼ vefatÄ±nÄ±n 82. yÄ±lÄ±nda sevgi, saygÄ± ve minnetle anÄ±yorum. #10KasÄ±m https://t.co/iejfZq5lJq"
211,acunilicali,"Umut oldukÃ§a hayat gÃ¼zeldir! Bu gÃ¼nler geÃ§ecek, atlatacaÄŸÄ±z. YaralarÄ±mÄ±zÄ± hep birlikte saracaÄŸÄ±z. TÃ¼m Ä°zmir halkÄ±na bir kez daha geÃ§miÅŸ olsun. Bir daha aynÄ± acÄ±larÄ±n yaÅŸanmamasÄ± iÃ§in gerekli Ã¶nlemleri almalÄ±yÄ±z."
212,acunilicali,Canla baÅŸla Ã§alÄ±ÅŸarak minik kardeÅŸlerimizi kurtaran arama kurtarma ekiplerimize ne kadar teÅŸekkÃ¼r etsek azdÄ±r. Elif ve Aydaâ€™yÄ± Allah bize baÄŸÄ±ÅŸladÄ±. YaÅŸadÄ±ÄŸÄ±m mutluluÄŸun tarifi yok. Ä°ki yavrumuza da acil ÅŸifalar diliyorum. https://t.co/hT1s2bwikg
213,acunilicali,Depremi hisseden ve etkilenen tÃ¼m vatandaÅŸlarÄ±mÄ±za geÃ§miÅŸ olsun. DualarÄ±mÄ±z onlarla.. #Deprem https://t.co/FI7kkyxXKv
214,acunilicali,Cumhuriyetimizin kurucusu Gazi Mustafa Kemal AtatÃ¼rkâ€™Ã¼ ve aziz ÅŸehitlerimizi saygÄ± ve rahmetle anÄ±yorum. Cumhuriyetimizin 97. yÄ±lÄ± kutlu olsun. #29EkimCumhuriyetBayramÄ± https://t.co/BhymlYdBR6
215,acunilicali,KarabaÄŸâ€™Ä± kurtarmak iÃ§in verdiÄŸi haklÄ± mÃ¼cadelede Azeri kardeÅŸlerimizin yanÄ±ndayÄ±z. Sivillere kadar uzanan kanlÄ± mezalimi lanetliyorum! Dost ve kardeÅŸ Azerbaycanâ€™Ä±n 18 Ekim BaÄŸÄ±msÄ±zlÄ±k GÃ¼nÃ¼ kutlu olsun. #AzerbaycanBaÄŸÄ±msÄ±zlÄ±kGÃ¼nÃ¼ https://t.co/fc09PpU49M
216,acunilicali,#DoÄŸduÄŸunEvKaderindir'in yeni sezon ilk bÃ¶lÃ¼mÃ¼ birazdan @tv8â€˜de baÅŸlÄ±yor.. @dogdugunev @dmtzdmr @ibrahimcelikkol https://t.co/pndpSlESO2
217,acunilicali,#DoÄŸduÄŸunEvKaderindir â€˜in yeni sezonunda tÃ¼m ekibe ve oyuncularÄ±mÄ±za baÅŸarÄ±lar dilerim.. Yeni bÃ¶lÃ¼m bu akÅŸam 20.00'de @tv8 'de..ğŸ‘ğŸ‘ğŸ‘ğŸ‘ğŸ‘ @dogdugunev @dmtzdmr @ibrahimcelikkol https://t.co/XlbxPJQozw
218,acunilicali,Bizden haksÄ±z bedel talep edip istediÄŸini alamayÄ±nca hakaret yolunu seÃ§en bu terbiyesiz kiÅŸiye cevabÄ±mÄ±zÄ± mahkemede vereceÄŸiz. TazminatÄ± ise iÅŸitme engelli miniklerimiz iÃ§in kullanacaÄŸÄ±z.
219,acunilicali,Yeni dijital platformumuz EXXENâ€™de yakÄ±nda beraberiz.. #Exxen https://t.co/XglcE4aBzG
220,acunilicali,DizÃ¼stÃ¼ bilgisayarÄ± olmayan kardeÅŸlerimize destek iÃ§in bu akÅŸam 23.15â€™te @tv8â€™de Ã§ok bÃ¼yÃ¼k bir dayanÄ±ÅŸmaya imza atÄ±yoruz.. #HaydiÅimdi #TV8 https://t.co/yEtvbKfCO8
221,acunilicali,KardeÅŸlerimizin eÄŸitimden mahrum kalmamalarÄ± iÃ§in Pazar akÅŸamÄ± TV8â€™de bÃ¼yÃ¼k bir kampanya dÃ¼zenliyoruz. Hep beraber onlarÄ± desteklemek iÃ§in elimizden geleni yapalÄ±m.
222,acunilicali,DizÃ¼stÃ¼ bilgisayarÄ± olmadÄ±ÄŸÄ± iÃ§in uzaktan eÄŸitimde bÃ¼yÃ¼k zorluk Ã§eken kardeÅŸlerimiz var. Bu durum hepimizi Ã§ok Ã¼zÃ¼yor.
223,acunilicali,Sevgili CandaÅŸ Tolgaâ€™nÄ±n â€œAz Ã–nce KonuÅŸtumâ€ programÄ±nÄ±n canlÄ± yayÄ±n konuÄŸuyum..  @HaberGlobal @ctisik
224,acunilicali,#KÄ±rmÄ±zÄ±Oda Yeni bÃ¶lÃ¼mÃ¼ bu akÅŸam 20.00â€™de @tv8â€™de.. #TV8 #BinnurKaya https://t.co/r33OqfjZgc
225,acunilicali,"Ulu Ã–nder Gazi Mustafa Kemal AtatÃ¼rk ve aziz ÅŸehitlerimizi saygÄ± ve minnet ile anÄ±yor, tÃ¼m milletimizin 30 AÄŸustos Zafer BayramÄ±'nÄ± kutluyorum. #30AÄŸustos https://t.co/RXFOysANPY"
226,acunilicali,Yeni sezonda FenerbahÃ§emizin maÃ§larÄ±nÄ± birlikte yine aynÄ± heyecanla izleyeceÄŸiz. #FenerbahÃ§e #SemihÃ–zsoy
227,acunilicali,"FenerbahÃ§eâ€™nin baÅŸarÄ±sÄ± iÃ§in gece gÃ¼ndÃ¼z emek veren, klubÃ¼mÃ¼zÃ¼n menfaatlerini gÃ¶zetmeyi kendine gÃ¶rev edinen, zekasÄ±na hayran olduÄŸum, dostluÄŸunu her zaman hissettiÄŸim Semih Ã–zsoyâ€™a klubÃ¼mÃ¼ze saÄŸladÄ±ÄŸÄ± katkÄ±lar iÃ§in gÃ¶nÃ¼lden teÅŸekkÃ¼r ediyorum."
228,acunilicali,"SayÄ±n BakanÄ±m, canlÄ± yayÄ±nda istenmeden oluÅŸan bir durum oldu. Bundan sonra dikkat edeceÄŸimizden ÅŸÃ¼pheniz olmasÄ±n. @drfahrettinkoca https://t.co/vtWaGBSNbj"
229,acunilicali,"#MasterChefTÃ¼rkiye yeni sezon ilk bÃ¶lÃ¼mÃ¼ birazdan @tv8 â€˜de baÅŸlÄ±yor, yarÄ±ÅŸmacÄ±larÄ±mÄ±za baÅŸarÄ±lar dilerim.. #MasterChef #AcunMedya #TV8 https://t.co/jd9viw3dwJ"
230,acunilicali,#Survivor2020â€™de mÃ¼cadele eden tÃ¼m yarÄ±ÅŸmacÄ±larÄ±mÄ±zÄ± ve ekibimizi gÃ¶nÃ¼lden tebrik ediyorum. Bu zorlu sezonda Åampiyon olan Cemal Canâ€™Ä± da kutluyorum. Sezon boyunca bize gÃ¶sterdikleri ilgiden dolayÄ± izleyicilerimize sonsuz teÅŸekkÃ¼rler. #SurvivorTÃ¼rkiye #SurvivorFinal #Survivor https://t.co/r6F7plgcHr
231,acunilicali,"15 Temmuzâ€™da canÄ±nÄ± ortaya koyarak bayraÄŸÄ±mÄ±za, vatanÄ±mÄ±za ve devletimize sahip Ã§Ä±kan ÅŸehitlerimizi saygÄ±, minnet ve rahmetle anÄ±yorum. Sizi hiÃ§bir zaman unutmayacaÄŸÄ±z. https://t.co/wexv1IGByE"
232,acunilicali,#Survivor2020 ÅŸampiyonu kim olacak? BÃ¼yÃ¼k final bu akÅŸam Ä°stanbul Galataportâ€™dan canlÄ± yayÄ±nla 20.30â€™da @tv8 â€™de..Â #SurvivorTÃ¼rkiye #SurvivorFinal #TV8 #TV8Survivor #TÃ¼rkiye #galataport https://t.co/tAXM74COhz
233,acunilicali,"Dominik'te unutulmayacak bir 4'lÃ¼ final yaÅŸadÄ±k, bu akÅŸam 3 isimle Ä°stanbul yolcusuyuz. Oylama bu aksam, sÃ¶z sizde, baÅŸarÄ±lar diliyorum... #SurvivorTÃ¼rkiye #Survivor #Survivor2020 #TV8 #TV8Survivor #SurvivorFinal https://t.co/j58Bc5oXQM"
234,acunilicali,"#ExatlonChallenge yayÄ±nlandÄ±ktan hemen sonra Netflixâ€™te 1 numara oldu, ilginize Ã§ok teÅŸekkÃ¼rler.. @acunmedyaglobal @netflixturkiye https://t.co/BbLBkL21w4"
235,acunilicali,"Ä°ki gÃ¼zel kulÃ¼bÃ¼n de emeÄŸinin ve hakkÄ±nÄ±n yenmemesini isteyen bir yazÄ±yÄ± retweet yapmamdan neden rahatsÄ±z oldunuz? Bizzat bir kez de ben yazayÄ±m isterseniz;
Ne Adana Demirsporâ€™un ne B.B Erzurumspor'un hakkÄ± yenmesin, hak eden kazansÄ±n. https://t.co/6ZHPiVH0mh"
236,acunilicali,#DoÄŸduÄŸunEvKaderindir sezon finaliyle bu akÅŸam 20.00â€™de @tv8 â€˜de.. https://t.co/rC9EabDNMy
237,acunilicali,#BirGÃ¼nOlsunTerketmedik @huseyinunes https://t.co/8QDSsL8Uyu
238,acunilicali,@frezyalibahar Aradaki 7 saat fark avantajÄ±mÄ±z olabilir mi sence? :)
239,acunilicali,"Survivor elemesiyle ilgili haber almaya Ã§alÄ±ÅŸanlara kÃ¶tÃ¼ bir haberim var. Eleme Ã§ekimleri yayÄ±ndan 1 saat Ã¶nce yapÄ±lacak, tahminleriniz tutmayabilir :) #SurvivorTÃ¼rkiye #Survivor #Survivor2020 #TV8 #SurvivorÃœnlÃ¼ler #SurvivorGÃ¶nÃ¼llÃ¼ler #TV8Survivor"
240,acunilicali,DeÄŸerli hizmetleriniz iÃ§in ben size teÅŸekkÃ¼r ederim. @akaraismailoglu https://t.co/cUysAcfbeY
241,acunilicali,"@DTural Dizi yorumlarÄ±nÄ± ilgiyle takip ediyordum. Survivorâ€™Ä± izlemeye baÅŸlamana sevindim, yorumlarÄ±nÄ± merak ediyorum.."
242,acunilicali,"Tahta Ã¼zerine basmak kural ihlali deÄŸil, tranquilo :) #SurvivorTÃ¼rkiye #Survivor #Survivor2020 #ÃœnlÃ¼ler #GÃ¶nÃ¼llÃ¼ler #TV8 #SurvivorÃœnlÃ¼ler #SurvivorGÃ¶nÃ¼llÃ¼ler #TV8Survivor https://t.co/qW6qNaGx7H"
243,acunilicali,"19 MayÄ±s AtatÃ¼rkâ€™Ã¼ Anma, GenÃ§lik ve Spor BayramÄ±mÄ±z kutlu olsun. Ulu Ã–nder Gazi Mustafa Kemal AtatÃ¼rkâ€™Ã¼ ve tÃ¼m ÅŸehitlerimizi saygÄ± ve minnetle anÄ±yorum. #19MAYIS https://t.co/yNYWdkTGQK"
244,acunilicali,Sevgili Ahmet Ercanlarâ€™Ä±n â€˜SansÃ¼rsÃ¼z Futbolâ€™ kanalÄ±na konuk oldum. GÃ¼zel bir sohbet oldu. @chemedya https://t.co/0aj9OJDpQ4 https://t.co/uVtW5hEEk9
245,acunilicali,"@akirzgn1 Tabii ki kardeÅŸim, iletiÅŸim bilgilerini DMâ€™den yollarsan videoyu seve seve gÃ¶nderirim."
246,acunilicali,"Bu akÅŸam #Saat21deAlkÄ±ÅŸlÄ±yoruz 

Kimleri mi? Bu zor dÃ¶nemde soframÄ±zdan gÄ±damÄ±z eksik olmasÄ±n diye her ÅŸeye raÄŸmen Ã¼retmeye devam eden Ã§iftÃ§ilerimizi.

#DÃ¼nyaÃ‡iftÃ§ilerGÃ¼nÃ¼ Kutlu Olsun 
@TCTarim @bekirpakdemirli https://t.co/MM6vZ4YSY3"
247,acunilicali,"TÃ¼rkiyeâ€™ye dÃ¶neceÄŸim haberi yanlÄ±ÅŸ, bÃ¶lgedeki vatandaÅŸlarÄ±mÄ±zÄ± bulunduklarÄ± adalardan alÄ±p ekibimizin bir kÄ±smÄ±yla TÃ¼rkiyeâ€™ye yolluyoruz, Ã¶zlem doluyum o ayrÄ±.."
248,acunilicali,"Erzurumâ€™umuzun Ã¶nemli deÄŸerlerinden, bestelediÄŸi ve seslendirdiÄŸi ÅŸarkÄ±larla hayatÄ±mÄ±zda Ã¶nemli bir iz bÄ±rakan Ä°brahim Erkalâ€™Ä± rahmetle ve Ã¶zlemle anÄ±yorum. #UnutmadÄ±kCanÄ±sÄ± @huseyinunes"
249,acunilicali,"Bu pozisyona itiraz olmuÅŸ, ben net dÄ±ÅŸarÄ±da gÃ¶rÃ¼yorum, pek tartÄ±ÅŸmalÄ± gelmedi bana :) #SurvivorTÃ¼rkiye #Survivor #Survivor2020 #ÃœnlÃ¼ler #GÃ¶nÃ¼llÃ¼ler #TV8 #SurvivorÃœnlÃ¼ler #SurvivorGÃ¶nÃ¼llÃ¼ler #TV8Survivor https://t.co/ldButeHzzI"
250,acunilicali,"Ulusal egemenliÄŸimizin ve TBMMâ€™nin kuruluÅŸunun 100.yÄ±lÄ±nÄ± bÃ¼yÃ¼k bir gururla kutluyor, Cumhuriyetimizin Kurucusu Ulu Ã–nder Gazi Mustafa Kemal AtatÃ¼rkâ€™Ã¼ saygÄ± ve Ã¶zlemle anÄ±yorum. 23 Nisan Ulusal Egemenlik ve Ã‡ocuk BayramÄ±mÄ±z kutlu olsun. #23NisanUlusalEgemenlikveCocukBayramÄ± https://t.co/pXn2eruBFs"
251,acunilicali,#Survivor2020 â€™nin BirleÅŸme Partisi bu akÅŸam 20.00â€™de TV8â€™de.. #SurvivorTÃ¼rkiye #Survivor #TV8 #SurvivorÃœnlÃ¼ler #SurvivorGÃ¶nÃ¼llÃ¼ler #TV8Survivor #birleÅŸmepartisi #dominicanrepublic @survivorturkiye @tv8 https://t.co/Pevv6kBIIN
252,acunilicali,"Ãœlkemizde huzur ve gÃ¼venliÄŸi saÄŸlayan, gece gÃ¼ndÃ¼z fedakarca gÃ¶rev yapan TÃ¼rk Polis TeÅŸkilatÄ±mÄ±zÄ±n 175. yÄ±lÄ± kutlu olsun! #PolisTeÅŸkilatÄ±175YaÅŸÄ±nda https://t.co/DuzsgQboZf"
253,acunilicali,"18 Mart Ã‡anakkale Zaferi ve Åehitleri Anma GÃ¼nÃ¼mÃ¼zÃ¼n 105â€™inci yÄ±l dÃ¶nÃ¼mÃ¼nde baÅŸta Ulu Ã–nder Gazi Mustafa Kemal AtatÃ¼rk olmak Ã¼zere tÃ¼m kahraman ÅŸehitlerimize Allahâ€™tan rahmet diliyor, saygÄ±yla anÄ±yorum. #18MartÃ‡anakkaleZaferi https://t.co/XThOfN1ZcG"
254,acunilicali,Yeni programÄ±mÄ±z Exatlon Challenge Temmuz ayÄ±nda Netflixâ€™te. BirÃ§ok Ã¼lkede baÅŸarÄ± saÄŸladÄ±ÄŸÄ±mÄ±z Exatlon ile TÃ¼rkiyeâ€™de de yayÄ±nda olacaÄŸÄ±mÄ±z ve Netflix sevenleri ile buluÅŸacaÄŸÄ±mÄ±z iÃ§in Ã§ok mutluyuz. #ExatlonChallenge #Netflix #AcunMedya  @netflixturkiye @acunmedya https://t.co/6RVyWU0dCb
255,acunilicali,"Bu akÅŸam Survivor iletiÅŸim oyununda Ã§ok duygusal anlar yaÅŸandÄ±. KaÃ§Ä±rmamanÄ±zÄ± tavsiye ederim..
#SurvivorTÃ¼rkiye #Survivor #Survivor2020 #TV8 #SurvivorÃœnlÃ¼ler #SurvivorGÃ¶nÃ¼llÃ¼ler #TV8Survivor #dominicanrepublic https://t.co/PrlBOvKTGo"
256,acunilicali,#8MartDÃ¼nyaKadÄ±nlarGÃ¼nÃ¼ Kutlu Olsun. https://t.co/bAqaXSXkAQ
257,acunilicali,"BaÅŸÄ±mÄ±z saÄŸolsun. Åehitlerimize Allahâ€™tan rahmet, yaralÄ±larÄ±mÄ±za acil ÅŸifalar dilerim. Allah tÃ¼m milletimize sabÄ±r versin. https://t.co/zMZMbrJlcs"
258,acunilicali,"Survivor 2020 ilk bÃ¶lÃ¼mÃ¼yle ÅŸimdiye kadarki en iyi baÅŸlangÄ±cÄ±nÄ± yaptÄ±. Bu rekor izlenme oranÄ± iÃ§in bÃ¼tÃ¼n ekip arkadaÅŸlarÄ±mÄ± kutluyor, izleyicilerimize gÃ¶nÃ¼lden teÅŸekkÃ¼r ediyorum. #SurvivorTÃ¼rkiye #Survivor #Survivor2020 #TV8 #SurvivorÃœnlÃ¼ler #SurvivorGÃ¶nÃ¼llÃ¼ler #TV8Survivor https://t.co/b3oZc96bD6"
259,acunilicali,Survivor yeni sezon ilk bÃ¶lÃ¼m birazdan TV8â€™de baÅŸlÄ±yor.. @survivorturkiye @tv8 #SurvivorTÃ¼rkiye #Survivor #Survivor2020 #ÃœnlÃ¼ler #GÃ¶nÃ¼llÃ¼ler #TV8 #SurvivorÃœnlÃ¼ler #SurvivorGÃ¶nÃ¼llÃ¼ler #TV8Survivor #DominicanRepublic https://t.co/cNKMopbcd6
260,acunilicali,"Ä°ÅŸte Survivor yeni sezon ilk bÃ¶lÃ¼m tanÄ±tÄ±mÄ±, Pazar 20.00â€™de TV8â€™de.. #SurvivorTÃ¼rkiye #Survivor #Survivor2020 #ÃœnlÃ¼ler #GÃ¶nÃ¼llÃ¼ler #TV8 #SurvivorÃœnlÃ¼ler #SurvivorGÃ¶nÃ¼llÃ¼ler #TV8Survivor #DominicanRepublic https://t.co/2bfTnSTmnq"
261,acunilicali,"ÃœnlÃ¼ler TakÄ±mÄ±; https://t.co/PBBciDsad9 
GÃ¶nÃ¼llÃ¼ler TakÄ±mÄ±; https://t.co/RM4oZr5QbM"
262,acunilicali,Ä°ÅŸte Survivor 2020 ÃœnlÃ¼ler ve GÃ¶nÃ¼llÃ¼ler takÄ±mÄ±. TÃ¼m yarÄ±ÅŸmacÄ±larÄ±mÄ±za baÅŸarÄ±lar dilerim.. Survivor 16 Åubatâ€™ta TV8â€™de baÅŸlÄ±yor.. #Survivor #Survivor2020 #SurvivorÃœnlÃ¼ler #SurvivorGÃ¶nÃ¼llÃ¼ler #TV8 #ÃœnlÃ¼lerGÃ¶nÃ¼llÃ¼ler #SurvivorÃœnlÃ¼lerGÃ¶nÃ¼llÃ¼ler #YeniSezon
263,acunilicali,"Van'Ä±n BahÃ§esaray ilÃ§esinde Ã§Ä±ÄŸ dÃ¼ÅŸmesi sonucu hayatÄ±nÄ± kaybeden vatandaÅŸlarÄ±mÄ±za ve ÅŸehitlerimize Allah'tan rahmet, yaralÄ±lara acil ÅŸifalar dilerim."
264,acunilicali,"YayÄ±nÄ±mÄ±za baÄŸlanarak, kampanyamÄ±za hem maddi hem de manevi destek veren Ä°Ã§iÅŸleri BakanÄ±mÄ±z SayÄ±n SÃ¼leyman Soyluâ€™ya ve DÄ±ÅŸiÅŸleri BakanÄ±mÄ±z SayÄ±n MevlÃ¼t Ã‡avuÅŸoÄŸluâ€™na bir kez daha gÃ¶nÃ¼lden teÅŸekkÃ¼r ediyorum. https://t.co/rGQMfyI73B"
265,acunilicali,"Pazar akÅŸamÄ± Ã¼lkece Ã§ok anlamlÄ± bir kampanyayÄ± hayata geÃ§irdik. BÃ¶yle anlamlÄ± bir gecede paylaÅŸÄ±lan bu kadar gÃ¼zellik varken, yayÄ±nÄ±mÄ±za baÄŸlanan Ä°Ã§iÅŸleri BakanÄ±mÄ±z SayÄ±n SÃ¼leyman Soylu ile yaptÄ±ÄŸÄ±mÄ±z konuÅŸmamÄ±za baÅŸka anlamlar yÃ¼klenmesini ÅŸaÅŸkÄ±nlÄ±kla karÅŸÄ±lÄ±yorum."
266,acunilicali,YayÄ±n boyunca milletimizin vermiÅŸ olduÄŸu destekten sonra bu yardÄ±mÄ± toplamanÄ±n bÃ¼yÃ¼k mutluluÄŸu iÃ§indeyim.KampanyamÄ±za katÄ±lan herkesten Allah razÄ± olsun. Zor ÅŸartlardaki kardeÅŸlerimize umut olabildiysek ne mutlu hepimize. https://t.co/RnnTDqCjrA
267,acunilicali,"Bu gurur milletimizin... DÃ¼n gece 51 milyon TL olarak bildirilen yardÄ±m tutarÄ±mÄ±z, tÃ¼m yapÄ±lan banka transferlerinin  AFAD hesaplarÄ±na geÃ§mesiyle birlikte 73 milyon TLâ€™ye ulaÅŸtÄ±."
268,acunilicali,Depremzede vatandaÅŸlarÄ±mÄ±z iÃ§in hazÄ±rladÄ±ÄŸÄ±mÄ±z #TV8deTekYÃ¼rek programÄ±mÄ±z ÅŸu an TV8â€™de baÅŸladÄ±. YardÄ±mlaÅŸma kampanyamÄ±zÄ±n duyurulmasÄ± iÃ§in desteklerinizi bekliyorum..
269,acunilicali,YarÄ±n akÅŸam depremzede vatandaÅŸlarÄ±mÄ±z yararÄ±na TV8â€™de saat 20.00â€™de bir yardÄ±m kampanyasÄ± yapacaÄŸÄ±z. Hepimizin kalbi onlar iÃ§in atÄ±yor. Hep beraber kenetlenip elimizden gelen desteÄŸi verelim.
270,acunilicali,"ElazÄ±ÄŸâ€™Ä±n Sivrice ilÃ§esinde meydana gelen ve Ã§evre illerde de hissedilen depremde hayatÄ±nÄ± kaybedenlere  Allah'tan rahmet, yaralÄ±larÄ±mÄ±za acil ÅŸifalar dilerim. DualarÄ±mÄ±z sizinle.. #ElazÄ±ÄŸ #Deprem"
271,acunilicali,â€œZuhal Topalâ€™la Sofradaâ€ programÄ±na karÅŸÄ± aÃ§tÄ±ÄŸÄ±mÄ±z dava reddedildi baÅŸlÄ±ÄŸÄ±yla Ã§Ä±kan haberler gerÃ§ek dÄ±ÅŸÄ±dÄ±r. Dava sÃ¼reci devam etmektedir. Kamuoyuna saygÄ±yla duyururuz.
272,acunilicali,Dizimizin baÅŸlamasÄ±na son 1 saat.. Yeni bÃ¶lÃ¼m 21.00â€™de TV8â€™de. #DogduÄŸunEvKaderindir https://t.co/vKeypca0ZQ
273,acunilicali,Almanyaâ€™yÄ± eleyerek 2020 Tokyo OlimpiyatlarÄ±â€™na katÄ±lmaya hak kazanan #fileninsultanlarÄ±â€™nÄ± gÃ¶nÃ¼lden tebrik ediyorum.. https://t.co/5m8xPFmwKQ
274,acunilicali,"@ozg1ozge O Ses canlÄ± yayÄ±nlarÄ±na seni  ve aileni davet etmek isterim, yeni yÄ±l hediyem olsun sana :)"
275,acunilicali,"@ozg1ozge Sanada mutlu yÄ±llar dilerim, 2020 senin iÃ§in Ã§ok iyi geÃ§er umarÄ±m :)"
276,acunilicali,"Bu yÄ±lbaÅŸÄ± akÅŸamÄ± da bizi zirveye taÅŸÄ±yan seyircimiz, bu yÄ±l da en gÃ¼zel yeni yÄ±l hediyesini verdi. SanatÃ§Ä±larÄ±mÄ±za, seyircimize ve emeÄŸi geÃ§en herkese teÅŸekkÃ¼rler.. https://t.co/rC3bADHQzf"
277,acunilicali,#OSesTÃ¼rkiye yÄ±lbaÅŸÄ± Ã¶zel yayÄ±nÄ± bu akÅŸam 19.30â€™da @tv8 â€˜de.. Milletimize saÄŸlÄ±klÄ± ve mutlu bir sene diliyorum :) #osesyÄ±lbaÅŸÄ± #yÄ±lbaÅŸÄ±Ã¶zel https://t.co/PYFW3LAkzQ
278,acunilicali,"#MasterChefTÃ¼rkiye bÃ¼yÃ¼k finali bu akÅŸam canlÄ± yayÄ±nla 19.30â€™da @tv8 â€™de.. Åampiyon kim olacak? Cemre UyanÄ±k mÄ±, Alican Sabunsoy mu? https://t.co/MIdxnOYv9s"
279,acunilicali,Ä°ÅŸte @tv8â€™in yÄ±lbaÅŸÄ± Ã¶zel program tanÄ±tÄ±mÄ±. Efsane kadro ile #OSesTÃ¼rkiye yÄ±lbaÅŸÄ± Ã¶zel programÄ± SalÄ± 19.30â€™da.. #yÄ±lbaÅŸÄ±Ã¶zel #osesyÄ±lbaÅŸÄ± https://t.co/aWPoi2mwcV
280,acunilicali,Yeni dizimizin ilk bÃ¶lÃ¼mÃ¼ bu akÅŸam 20.00'de @tv8 'de.. #DoÄŸduÄŸunEvKaderindir https://t.co/4bHY7eN5Cd
281,acunilicali,#DoÄŸduÄŸunEvKaderindir ilk bÃ¶lÃ¼mÃ¼yle 25 AralÄ±k Ã‡arÅŸamba 20.00â€™de TV8â€™de! https://t.co/FHB03Kcfb9
282,acunilicali,Emek vererek yapÄ±lan bir iÅŸin aleni bir ÅŸekilde kopyalanmasÄ±na karÅŸÄ± yaptÄ±ÄŸÄ±mÄ±z mÃ¼cadele devam edecektir. https://t.co/IStomajxKY
283,acunilicali,"25 KasÄ±m KadÄ±na YÃ¶nelik Åiddetle MÃ¼cadele GÃ¼nÃ¼'nde kadÄ±nlarÄ±n ÅŸiddet gÃ¶rmediÄŸi, sÃ¶mÃ¼rÃ¼lmediÄŸi, eÅŸitlik ve saygÄ±nÄ±n olduÄŸu bir TÃ¼rkiye diliyorum. KadÄ±na ÅŸiddet suÃ§tur. Asla seyirci kalma! #25KasÄ±mKadÄ±naSiddeteHayÄ±r https://t.co/2zeuzLAkeD"
284,acunilicali,BaÅŸta Ulu Ã–nder ve BaÅŸÃ¶ÄŸretmenimiz Mustafa Kemal AtatÃ¼rk olmak Ã¼zere tÃ¼m Ã¶ÄŸretmenlerimizin Ã–ÄŸretmenler GÃ¼nÃ¼ kutlu olsun. https://t.co/kbmVh3fnVu
285,acunilicali,"TÃ¼rkiye'nin yetiÅŸtirdiÄŸi en bÃ¼yÃ¼k deÄŸerlerden biri olan, TÃ¼rk tiyatrosunun duayeni, bÃ¼yÃ¼k usta #YÄ±ldÄ±zKenter'e Allahâ€™tan rahmet dilerim. MekanÄ± cennet olsun. https://t.co/Eh8VnJttoA"
286,acunilicali,Ã–ÄŸrenci kardeÅŸlerimiz adÄ±na Ã§ok mutlu oldum. SayÄ±n BakanÄ±mÄ±za ve BÃ¼yÃ¼kÅŸehir Belediye BaÅŸkanÄ±mÄ±za Ã§ok teÅŸekkÃ¼r ediyorum. https://t.co/y1jlbktMGe
287,acunilicali,11 milyon fidan seferberliÄŸinde #GeleceÄŸeNefes olmak iÃ§in ben de varÄ±m... https://t.co/3jFdC9VEOG https://t.co/CjDz9bXzzz
288,acunilicali,"VefatÄ±nÄ±n 81. yÄ±lÄ±nda Cumhuriyetimizin kurucusu BÃ¼yÃ¼k Ã–nder Gazi Mustafa Kemal AtatÃ¼rkâ€™Ã¼ sevgi, saygÄ± ve minnetle anÄ±yorum. #10kasÄ±m https://t.co/wVG92L9CyW"
289,acunilicali,"Cumhuriyetimizin 96. yÄ±lÄ±nda Gazi Mustafa Kemal AtatÃ¼rkâ€™Ã¼, aziz ÅŸehitlerimizi ve gazilerimizi saygÄ± ve rahmetle anÄ±yorum. 29 Ekim Cumhuriyet BayramÄ±mÄ±z kutlu olsun. #29ekimcumhuriyetbayramÄ± https://t.co/iw8QN3z3lw"
290,acunilicali,Son ana kadar pes etmeyerek mÃ¼cadelenizle bizleri gururlandÄ±rdÄ±nÄ±z. Hepinizi tebrik ediyorum... #millitakÄ±m #tÃ¼rkiye https://t.co/l1lrhkRh6K
291,acunilicali,"@Erzurumspor DeÄŸerli hemÅŸerilerime Ã§ok teÅŸekkÃ¼r ederim, hepiniz saÄŸ olun.. @huseyinunes"
292,acunilicali,"@Fenerbahce Ä°yi dilekleriniz iÃ§in teÅŸekkÃ¼rler. SaÄŸ olun, var olun..."
293,acunilicali,"Talihsiz bir trafik kazasÄ± geÃ§irdim. SaÄŸlÄ±k durumum Ã§ok iyi. Arayan soran herkese teÅŸekkÃ¼rler, sevgiler."
294,acunilicali,#OSesTÃ¼rkiye yeni sezonu bu akÅŸam 20.00â€™de @tv8 â€˜de baÅŸlÄ±yor. YarÄ±ÅŸmacÄ±larÄ±mÄ±za ve jÃ¼rimize baÅŸarÄ±lar diliyorum :) @Hadise @MuratBoz #SedaSayan #BeyazÄ±tÃ–ztÃ¼rk https://t.co/QGBUt9z0ol
295,acunilicali,ArtÄ±k yeter! Failinin en aÄŸÄ±r ÅŸekilde cezalandÄ±rÄ±lmasÄ±nÄ± ve kadÄ±na ÅŸiddetin son bulmasÄ±nÄ± istiyorum. #EmineBulut https://t.co/fcFP298RrT
296,acunilicali,BÃ¶yle bir ortaklÄ±k gerÃ§ekleÅŸirse bilgiyi anÄ±nda paylaÅŸacaÄŸÄ±mÄ±zdan ÅŸÃ¼pheniz olmasÄ±n.
297,acunilicali,KanalÄ±mÄ±zÄ± baÅŸarÄ±lÄ± bulan ve doÄŸru bir yatÄ±rÄ±m olarak gÃ¶rÃ¼p ciddi teklifler sunan bazÄ± yatÄ±rÄ±mcÄ±larla gÃ¶rÃ¼ÅŸtÃ¼ÄŸÃ¼mÃ¼z doÄŸru. Ancak basÄ±nda yer aldÄ±ÄŸÄ± gibi imzalanmÄ±ÅŸ bir satÄ±ÅŸ veya ortaklÄ±k anlaÅŸmasÄ± sÃ¶z konusu deÄŸil.
298,acunilicali,"15 Temmuzâ€™un 3. yÄ±lÄ±nda demokrasimiz ve milletimiz iÃ§in kendini feda eden kahraman ÅŸehitlerimizi saygÄ±, minnet ve rahmetle anÄ±yorum. Sizi hiÃ§bir zaman unutmayacaÄŸÄ±z. https://t.co/U1U7qBcB51"
299,acunilicali,"DeÄŸerli sanatÃ§Ä±mÄ±z EÅŸref KolÃ§ak'a Allahâ€™tan rahmet, ailesine ve tÃ¼m sevenlerine baÅŸsaÄŸlÄ±ÄŸÄ± dilerim. https://t.co/BsWyhLUXXG"
300,acunilicali,"19 MayÄ±s AtatÃ¼rkâ€™Ã¼ Anma, GenÃ§lik ve Spor BayramÄ±mÄ±z kutlu olsun. Milli MÃ¼cadeleâ€™nin 100. yÄ±l dÃ¶nÃ¼mÃ¼nde Ulu Ã–nderimiz Gazi Mustafa Kemal AtatÃ¼rkâ€™Ã¼ ve tÃ¼m ÅŸehitlerimizi saygÄ± ve minnetle anÄ±yorum. https://t.co/BJJ4aObeTS"
301,acunilicali,FenerbahÃ§e #WÄ°NWÄ°N kampanyasÄ± iÃ§in bu akÅŸam saat 20.00'de sevgili BeyazÄ±t Ã–ztÃ¼rk ile birlikte TV8'deyiz.. https://t.co/cuEJdXa1Yk
302,acunilicali,Teklifimi hiÃ§ dÃ¼ÅŸÃ¼nmeden kabul eden iki deÄŸerli dostumla elimizden gelenin en iyisini yaparak FenerbahÃ§e'ye gÃ¶nÃ¼l verenlerin destekleri iÃ§in aracÄ± olacaÄŸÄ±z. #FenerbahÃ§e #WinWin https://t.co/8lElwyO5cN
303,acunilicali,"TaraftarÄ±mÄ±z ve kulÃ¼bÃ¼mÃ¼zÃ¼n, dayanÄ±ÅŸmanÄ±n tarihini yazacaÄŸÄ± 2 gece iÃ§in geri sayÄ±m baÅŸladÄ±... Pazar gecesi Cem YÄ±lmaz,  Pazartesi gecesi BeyazÄ±t Ã–ztÃ¼rk ile TV8 ekranlarÄ±ndayÄ±z."
304,acunilicali,"Bu kampanyaya katÄ±lanlarÄ±, hayal ettikleri binlerce Ã¶dÃ¼l bekliyor. TaraftarÄ±mÄ±zÄ±n ve kulÃ¼bÃ¼mÃ¼zÃ¼n kazanacaÄŸÄ± â€˜win-winâ€™ kampanyamÄ±zÄ±n detaylarÄ±nÄ± Ã§ok yakÄ±nda vereceÄŸimâ€¦ FenerbahÃ§eliler hazÄ±r olun, tarih yazacaÄŸÄ±z! #FENEROL"
305,acunilicali,"baÅŸkanÄ±mÄ±zÄ±n da tam desteÄŸiyle Ã¶zlenen FenerbahÃ§e iÃ§in bÃ¼yÃ¼k bir kampanyaya baÅŸlÄ±yoruz.
12 ve 13 MayÄ±s akÅŸamÄ± dostum Cem YÄ±lmaz ile birlikte taraftar ve kulÃ¼p bÃ¼tÃ¼nleÅŸmesinin tarihini yazmak iÃ§in TV8 ekranlarÄ±nda olacaÄŸÄ±z."
306,acunilicali,"FenerbahÃ§emiz iÃ§in yakÄ±n zamanda yapacaÄŸÄ±mÄ±z destek kampanyasÄ± ile ilgili bir aÃ§Ä±klama yapmak istiyorum... GeÃ§tiÄŸimiz gÃ¼nlerde yÃ¶netimimize gÃ¶nlÃ¼nÃ¼ verdiÄŸim takÄ±mÄ±mÄ±z iÃ§in, TV8 ekranlarÄ±nda dÃ¼nya futbol tarihinin en bÃ¼yÃ¼k kampanyasÄ±nÄ± yapma teklifini gÃ¶tÃ¼rdÃ¼m, https://t.co/i1oVFzb5Gz"
307,acunilicali,"DÄ±ÅŸiÅŸleri BakanÄ±mÄ±z SayÄ±n MevlÃ¼t Ã‡avuÅŸoÄŸlu, FransÄ±z parlamentere hak ettiÄŸi cevabÄ± vererek bizi gururlandÄ±rdÄ±. TeÅŸekkÃ¼rler SayÄ±n BakanÄ±m."
308,acunilicali,"Spor camiasÄ±nÄ±n efsane ismi, deÄŸerli sporcu Can Bartuâ€™nun vefatÄ±ndan bÃ¼yÃ¼k Ã¼zÃ¼ntÃ¼ duydum. Kendisine Allahâ€™tan rahmet, tÃ¼m sevenlerine baÅŸsaÄŸlÄ±ÄŸÄ± diliyorum. https://t.co/1Q0PFrAz0A"
309,acunilicali,Survivorâ€™da hangi takÄ±mÄ± daha gÃ¼Ã§lÃ¼ gÃ¶rÃ¼yorsunuz?
310,acunilicali,Survivor'da takÄ±mlarÄ±n hangi ÅŸekilde yarÄ±ÅŸmasÄ± daha zevkli?
311,acunilicali,"Bu akÅŸam 23.30â€™da #SurvivorPanorama'dayÄ±m, iyi seyirler :)"
312,acunilicali,"Ä°stanbul Ã‡ekmekÃ¶y'de askeri helikopterin dÃ¼ÅŸmesi sonucu ÅŸehit olan askerlerimize Allahâ€™tan rahmet, acÄ±lÄ± ailelerine sabÄ±r diliyorum. Milletimizin baÅŸÄ± saÄŸ olsun."
313,acunilicali,"YeÅŸilÃ§amâ€™Ä±n efsane ismi, bÃ¼yÃ¼k sanatÃ§Ä±, gÃ¼zel insan... Kalbimizde yaÅŸayacaksÄ±n. MekanÄ±n cennet olsun. https://t.co/qWkw6TJybW"
314,acunilicali,Survivor TÃ¼rkiye Yunanistan ilk yarÄ±ÅŸmacÄ±sÄ± belli oldu. MasterChef TÃ¼rkiyeâ€™den tanÄ±dÄ±ÄŸÄ±nÄ±z Hakan KanÄ±k.. Kendisine baÅŸarÄ±lar diliyorum. https://t.co/0obgPfoLwT
315,acunilicali,"Hayvanlara yapÄ±lan zulmÃ¼ lanetliyorum, yÃ¼ce yargÄ±nÄ±n bu insan mÃ¼sveddesi iÃ§in gerekeni yapacaÄŸÄ±na inanÄ±yorum."
316,acunilicali,#EserYenenlerShow bu akÅŸam 23.15â€™te TV8â€™de. @eseryeneler hayÄ±rlÄ± olsun Eserâ€™im :) https://t.co/8TjBAfItoL
317,acunilicali,Cumhuriyetimizin kurucusu Ulu Ã–nder Gazi Mustafa Kemal AtatÃ¼rkâ€™Ã¼ Ã¶lÃ¼mÃ¼nÃ¼n 80. yÄ±lÄ±nda sevgi ve saygÄ±yla anÄ±yorum. https://t.co/mKOQ58agPs
318,acunilicali,"FenerbahÃ§e TVâ€™de yeni yayÄ±n dÃ¶nemi bugÃ¼n baÅŸladÄ±. YÃ¶neticimiz SertaÃ§ KomÅŸuoÄŸlu ve tÃ¼m ekibe gÃ¼zel bir dÃ¶nem  diliyorum. FenerbahÃ§e TVâ€™nin yenilenen halini ben Ã§ok beÄŸendim, izlemenizi tavsiye ederim. @Fenerbahce"
319,acunilicali,"Cumhuriyetimizin 95. yÄ±lÄ±nÄ± gururla kutluyorum, 29 Ekim Cumhuriyet bayramÄ±mÄ±z kutlu olsun.. https://t.co/vUoUR1ieft"
320,acunilicali,BB Erzurumsporâ€™a destek iÃ§in bugÃ¼n KasÄ±mpaÅŸa maÃ§Ä±nda Erzurumâ€™dayÄ±m. @erzurumspor
321,acunilicali,Fox TÃ¼rkiye Genel MÃ¼dÃ¼rÃ¼ Cenk Sonerâ€™in bu yanlÄ±ÅŸlÄ±ÄŸa acil son vermesini bekliyoruz. FormatÃ§Ä±larÄ±n emeÄŸinin karÅŸÄ±lÄ±ÄŸÄ±nÄ± Ã¶deyen yapÄ±mcÄ± ve kanallarÄ± da bu haksÄ±zlÄ±ÄŸa karÅŸÄ± duyarlÄ± olmaya davet ediyoruz.
322,acunilicali,"ÃœzÃ¼lerek sÃ¶ylemek isterim ki, Fox TVâ€™de yayÄ±nlanan Zuhal Topalâ€™la Sofrada, Yemekteyizâ€™in aÃ§Ä±kÃ§a taklididir. DÃ¼nyanÄ±n en bÃ¼yÃ¼k format ÅŸirketlerinden ITV de Ã¼lkemizde yaÅŸanan bu olaya anlam veremeyerek, bu emek ve fikir hÄ±rsÄ±zlÄ±ÄŸÄ±na dava aÃ§maya hazÄ±rlanÄ±yor."
323,acunilicali,"@atabenli Sevgili kardeÅŸim, Ã¼lkemizde 10 yÄ±ldÄ±r 7 kanal akÅŸam programlarÄ±na saat 21.00â€™de baÅŸlÄ±yor. Sevgiler."
324,acunilicali,"#jetsosyete bu akÅŸam TV8â€™de yeni sezonuna fÄ±rtÄ±na gibi giriyor.. MÃ¼thiÅŸ oyuncu kadrosu ve konuk  oyuncu Ozan GÃ¼venâ€™li sezon aÃ§Ä±lÄ±ÅŸÄ±nÄ± kaÃ§Ä±rmayÄ±n, Ã¼zÃ¼lÃ¼rsÃ¼nÃ¼z :)"
325,acunilicali,"RÄ±dvan Hocam yine sÃ¼per bir iÅŸe imza attÄ±. HocayÄ± bundan sonra hem @ridvan8com â€™dan, hem de https://t.co/JumexnIbBu web sitesinden takipteyiz."
326,acunilicali,"#KÄ±zÄ±m dizisi ikinci haftasÄ±nda AB ve ABC1 kategorilerinde tÃ¼m gÃ¼n birincisi oldu. MedyapÄ±m Ailesiâ€™ne, deÄŸerli oyuncularÄ±mÄ±za, emeÄŸi geÃ§en herkese ve tÃ¼m izleyicilerimize teÅŸekkÃ¼r ederiz. Gelecek Cuma yeni bÃ¶lÃ¼mde buluÅŸmak Ã¼zere."
327,acunilicali,"Yeni dizimiz #KÄ±zÄ±m ÅŸu anda TV8â€™de, iyi seyirler.."
328,acunilicali,"Nicki Minaj mÄ±, Cardi B mi?"
329,acunilicali,@YildizzTilbee GÃ¼zel sÃ¶zlerin iÃ§in Ã§ok teÅŸekkÃ¼r ederim. TÃ¼rkiye'nin en sevilen birkaÃ§ sanatÃ§Ä±sÄ±ndan biri olmanda sanatÄ±n kadar yÃ¼reÄŸinin de bÃ¼yÃ¼k etkisi var. O Ses TÃ¼rkiyeâ€™ye katkÄ±larÄ±ndan dolayÄ± biz teÅŸekkÃ¼r ederiz.
330,acunilicali,MasterChef TÃ¼rkiyeâ€™nin ilk bÃ¶lÃ¼mÃ¼  bu akÅŸam 20.00'de TV8'de iyi seyirler. https://t.co/xXjHHaHNVK
331,acunilicali,"15 Temmuz'un 2. yÄ±lÄ±nda, demokrasimizi korumak iÃ§in canÄ±nÄ± hiÃ§e sayan ÅŸehitlerimizi saygÄ± ve rahmetle anÄ±yorum. TÃ¼rkiyeâ€™mize ve demokrasimize sahip Ã§Ä±kmanÄ±n gururunu bugÃ¼n de, her zaman da yaÅŸayacaÄŸÄ±z. https://t.co/lUt6D0oH5E"
332,acunilicali,"YÃ¼reÄŸimiz yandÄ±. Tren kazasÄ±nda Ã¶len kardeÅŸlerimize Allahâ€™tan rahmet, yakÄ±nlarÄ±na sabÄ±r ve yaralÄ±lara acil ÅŸifalar dilerim."
333,acunilicali,#leyla #eylÃ¼l #lanetliyoruz https://t.co/pBmEHYcX2v
334,acunilicali,"DeÄŸerli Ã§alÄ±ÅŸma arkadaÅŸÄ±mÄ±z, genÃ§ kardeÅŸim Alper BaycÄ±nâ€™Ä± hain bir saldÄ±rÄ± sonucu kaybettik. YaÅŸadÄ±ÄŸÄ±mÄ±z acÄ± ve Ã¼zÃ¼ntÃ¼yÃ¼ kelimelerle tarif edemem. Ailesine ve sevdiklerine baÅŸsaÄŸlÄ±ÄŸÄ± ve sabÄ±rlar diliyorum. MekanÄ±n cennet olsun Alper KardeÅŸim. https://t.co/KcA2K1rM9q"
335,acunilicali,"Medya ve sanayi dÃ¼nyasÄ±nÄ±n Ã¶ncÃ¼ isimlerinden deÄŸerli bÃ¼yÃ¼ÄŸÃ¼mÃ¼z SayÄ±n ErdoÄŸan DemirÃ¶renâ€™in kaybÄ±ndan bÃ¼yÃ¼k Ã¼zÃ¼ntÃ¼ duydum.
BaÅŸta sevgili aÄŸabeyim YÄ±ldÄ±rÄ±m DemirÃ¶ren olmak Ã¼zere tÃ¼m ailesine baÅŸsaÄŸlÄ±ÄŸÄ± dilerim. Allah rahmet eylesin, mekanÄ± cennet olsun."
336,acunilicali,"DeÄŸerli aÄŸabeyimiz Ãœmit KayÄ±hanâ€™Ä± kaybettik. Ailesine ve yakÄ±nlarÄ±na baÅŸsaÄŸlÄ±ÄŸÄ± dilerim. Allah rahmet eylesin, mekanÄ± cennet olsun."
337,acunilicali,BugÃ¼n saat 16.30â€™da Survivor Panoramaâ€™da sevgili Ã–ykÃ¼ ve Semihâ€™in konuÄŸu olacaÄŸÄ±m. Beklerim :)
338,acunilicali,"ErzurumlularÄ± kutluyorum, 4 penaltÄ±yÄ± kurtaran kalecimiz Hakan CambazoÄŸlu inanmanÄ±n, asla pes etmemenin en gÃ¼zel Ã¶rneÄŸini gÃ¶sterdi. Onu ve bÃ¼tÃ¼n takÄ±mÄ± kutlarÄ±m. BaÅŸkanÄ±mÄ±zdan malzemecimize kadar hepsine helal olsun. @erzurumspor"
339,acunilicali,BÃ¼yÃ¼kÅŸehir Belediye Erzurumsporâ€™a bu akÅŸam gÃ¶nÃ¼lden baÅŸarÄ±lar. @erzurumspor
340,acunilicali,"19 MayÄ±s AtatÃ¼rk'Ã¼ Anma, GenÃ§lik ve Spor BayramÄ±mÄ±z kutlu olsun. Ulu Ã–nderimiz Gazi Mustafa Kemal AtatÃ¼rk'Ã¼ sevgi ve saygÄ±yla anÄ±yorum. https://t.co/xNoW47URz5"
341,acunilicali,Ä°nsanlÄ±k adÄ±na bÃ¼yÃ¼k bir utanÃ§ gÃ¼nÃ¼. KudÃ¼s katliamÄ±nÄ± lanetliyorum.
342,acunilicali,YarÄ±n sabah 10.45â€™de Survivor Panoramaâ€™da Nur TuÄŸba AlgÃ¼l ve Hakan Uralâ€™Ä±n canlÄ± yayÄ±n konuÄŸuyum. Instagramâ€™dan sorduÄŸunuz sorulara mÃ¼mkÃ¼n olduÄŸunca cevap vermeye Ã§alÄ±ÅŸacaÄŸÄ±m.
343,acunilicali,"Anketi baÅŸlattÄ±k, sizce hangisi?"
344,acunilicali,https://t.co/jTwHsJsVoz
345,acunilicali,"MesleÄŸe ilk baÅŸladÄ±ÄŸÄ±m zamanlardan tanÄ±dÄ±ÄŸÄ±m dÃ¼nya iyisi insan, deÄŸerli abim Yemen EkÅŸioÄŸluâ€™nu kaybettik. Ailesine ve sevenlerine baÅŸsaÄŸlÄ±ÄŸÄ± diliyorum. Allah rahmet eylesin, mekanÄ± cennet olsun."
346,acunilicali,"Yurt dÄ±ÅŸÄ±ndaki baÅŸarÄ±larÄ±mÄ±zla dÃ¼nya ajanslarÄ±nda haber olurken, bu baÅŸarÄ±larÄ±mÄ±zÄ± ve hedeflerimizi anlatan bir yazÄ±dan olmayan bir ÅŸey Ã§Ä±karanlara sadece gÃ¼lÃ¼msÃ¼yorum."
347,acunilicali,"HakkÄ±mÄ±zda Ã§Ä±kan kredi yapÄ±landÄ±rma haberi  asÄ±lsÄ±z bir haberdir. Meksika, Romanya, Yunanistan, Kolombiya ve ABD televizyonlarÄ±na prodÃ¼ksiyon yapmaktayÄ±z. BankalarÄ±mÄ±zdan kredi kullanarak bÃ¼yÃ¼meye devam ediyoruz."
348,acunilicali,23 Nisan TBMMâ€™nin kuruluÅŸunun 98. yÄ±lÄ± ve Ulusal Egemenlik ve Ã‡ocuk BayramÄ±mÄ±z kutlu olsun.
349,acunilicali,Sizce ÅŸimdi hangi Survivor takÄ±mÄ± daha gÃ¼Ã§lÃ¼?
350,acunilicali,"AkÅŸam Survivorâ€™da tarihi konsey var. YarÄ±ÅŸmacÄ±lar ÅŸok geÃ§irecek, sakÄ±n kaÃ§Ä±rmayÄ±n."
351,acunilicali,"Yine iftiracÄ± odatv'nin sÃ¼rekli gittiÄŸimi iddia ettiÄŸi panamaya da en son 5 yÄ±l Ã¶nce Survivor Ã§ekimi iÃ§in gitmiÅŸtim.
KaynaÄŸÄ± belli olmayan, bu ahlaksÄ±zca iftiralarÄ± atan odatv hakkÄ±nda gereken hukuki iÅŸlemi baÅŸlatmÄ±ÅŸ bulunuyorum."
352,acunilicali,"odatv'nin bu gÃ¼n yaptÄ±ÄŸÄ± uydurma ve hayal Ã¼rÃ¼nÃ¼ bir haber ile ÅŸahsÄ±mÄ± karalamaya ve itibarÄ±mÄ± zedelemeye Ã§alÄ±ÅŸmÄ±ÅŸtÄ±r.
Ä°ftiracÄ± odatv'nin iddialarÄ±nÄ±n aksine televizyonculuk ve yapÄ±mcÄ±lÄ±k dÄ±ÅŸÄ±nda bir mesleÄŸim bulunmamaktadÄ±r."
353,acunilicali,"Bu akÅŸam olaylÄ± bir Survivor var, bence kaÃ§Ä±rmayÄ±n :)"
354,acunilicali,"Afrinâ€™deki ÅŸehitlerimize Allahâ€™tan rahmet, ailelerine baÅŸsaÄŸlÄ±ÄŸÄ± diliyorum. Allah kahraman TÃ¼rk SilahlÄ± Kuvvetlerimize gÃ¼Ã§ versin, dualarÄ±mÄ±z onlarla..."
355,acunilicali,"Ä°ÅŸte #Survivor2018'in Dominik'ten ilk tanÄ±tÄ±mÄ±. Uzun versiyonu bu akÅŸam TV8'de, hayÄ±rlÄ± olsun. https://t.co/d7Wax3ixaw"
356,acunilicali,"SinemamÄ±zÄ±n efsane ismi, deÄŸerli sanatÃ§Ä± MÃ¼nir Ã–zkulâ€™un vefatÄ±ndan bÃ¼yÃ¼k Ã¼zÃ¼ntÃ¼ duydum. Kendisine Allahâ€™tan rahmet, tÃ¼m sevenlerine baÅŸsaÄŸlÄ±ÄŸÄ± diliyorum."
